timestamp, mode, setpoint, setpoint_radius, acc_x, acc_y, gyro_z, actual_velocity, Kp, Ki, Kd, MU0setpoint, MU0value, MU0current, MU1setpoint, MU1value, MU1current, MU2setpoint, MU2value, MU2current, MU3setpoint, MU3value, MU3current, error_yaw, error_velocity, updated_yaw, updated_velocity, omega_yaw, omega_move
75501, 0, 0.50, 0.50, -0.54, -0.26, -0.28, -0.00, 1.32, 52.80, 0.01, 0.46, 1.00, 0.00, 0.54, 1.00, 0.00, 0.44, 1.00, 0.00, 0.52, 1.00, 0.00, 0.00, 0.50, 28.65, 0.50, 0.90, 0.90
75535, 0, 0.50, 0.50, -0.57, 2.98, 2.46, 0.04, 1.32, 52.80, 0.01, 0.46, 0.39, 1.49, 0.55, 0.66, 1.30, 0.44, 0.46, 1.68, 0.52, 0.56, 2.14, 57.30, 0.46, 30.86, 0.50, 0.90, 0.90
75552, 0, 0.50, 0.50, -0.43, 3.45, 5.44, 0.08, 1.32, 52.80, 0.01, 0.46, 0.66, 0.56, 0.55, 0.75, 0.23, 0.44, 0.66, 0.39, 0.52, 0.72, 0.74, 57.30, 0.42, 31.77, 0.50, 0.80, 0.90
75561, 0, 0.50, 0.50, -0.40, 2.33, 8.21, 0.11, 1.32, 52.80, 0.01, 0.46, 0.62, 0.47, 0.55, 0.61, 0.39, 0.44, 0.62, 0.09, 0.52, 0.65, 0.84, 54.84, 0.39, 30.98, 0.50, 0.62, 0.90
75569, 0, 0.50, 0.50, -0.39, 3.43, 11.03, 0.16, 1.32, 52.80, 0.01, 0.46, 0.56, 0.51, 0.54, 0.54, 0.82, 0.44, 0.55, 0.07, 0.52, 0.58, 0.98, 51.85, 0.34, 28.82, 0.50, 0.39, 0.90
75587, 0, 0.50, 0.50, -0.49, 2.77, 16.13, 0.20, 1.32, 52.80, 0.01, 0.46, 0.49, 0.82, 0.52, 0.48, 1.32, 0.44, 0.34, 1.05, 0.52, 0.52, 1.42, 49.09, 0.30, 23.87, 0.50, 0.05, 0.90
75595, 0, 0.50, 0.50, -0.53, 3.03, 21.22, 0.24, 1.32, 52.80, 0.01, 0.48, 0.44, 0.86, 0.48, 0.49, 1.26, 0.48, 0.31, 1.35, 0.48, 0.54, 1.35, 46.26, 0.26, 4.35, 0.50, -0.77, 0.90
75613, 0, 0.50, 0.50, -0.57, 3.16, 27.64, 0.28, 1.32, 52.80, 0.01, 0.46, 0.51, 0.88, 0.55, 0.56, 0.53, 0.44, 0.51, 0.93, 0.52, 0.49, 1.07, 41.17, 0.22, 32.27, 0.50, -1.82, 0.90
75622, 0, 0.50, 0.50, -0.60, 3.23, 32.26, 0.32, 1.32, 52.80, 0.01, 0.58, 0.51, 0.63, 0.77, 0.51, 0.93, 0.34, 0.54, 0.60, 0.62, 0.48, 1.32, 36.08, 0.18, 94.04, 0.50, -3.37, 0.90
75635, 0, 0.50, 0.50, -0.66, 3.04, 36.48, 0.36, 1.32, 52.80, 0.01, 0.82, 0.48, 1.37, 1.06, 0.62, 2.04, 0.24, 0.52, 0.16, 0.72, 0.58, 1.53, 29.66, 0.14, 156.76, 0.50, -4.64, 0.90
75651, 0, 0.50, 0.50, -0.57, 3.03, 40.41, 0.40, 1.32, 52.80, 0.01, 1.14, 0.73, 1.86, 1.41, 0.93, 1.33, 0.14, 0.37, 0.14, 0.82, 0.65, 1.23, 25.03, 0.10, 228.77, 0.50, -5.92, 0.90
75661, 0, 0.50, 0.50, -0.57, 2.90, 45.01, 0.44, 1.32, 52.80, 0.01, 1.15, 1.00, 1.37, 1.41, 1.17, 2.04, 0.14, 0.35, 0.14, 0.82, 0.66, 1.91, 20.81, 0.06, 230.00, 0.50, -7.25, 0.90
75675, 0, 0.50, 0.50, -0.58, 2.83, 51.79, 0.48, 1.32, 52.80, 0.01, 1.15, 1.07, 1.91, 1.41, 1.35, 2.07, 0.14, 0.31, 0.14, 0.82, 0.80, 1.23, 16.88, 0.02, 230.00, 0.50, -9.03, 0.90
75691, 0, 0.50, 0.50, -0.56, 2.70, 59.10, 0.52, 1.32, 52.80, 0.01, 1.15, 1.14, 1.11, 1.41, 1.48, 0.93, 0.14, 0.28, 0.14, 0.82, 0.79, 1.74, 12.29, -0.02, 230.00, 0.50, -12.04, 0.90
75701, 0, 0.50, 0.50, -0.64, 2.57, 65.86, 0.55, 1.32, 52.80, 0.01, 1.15, 1.39, 1.19, 1.41, 1.49, 0.86, 0.14, 0.28, 0.14, 0.82, 0.82, 1.42, 5.50, -0.05, 230.00, 0.50, -15.65, 0.90
75715, 0, 0.50, 0.50, -0.67, 2.47, 74.31, 0.58, 1.32, 52.80, 0.01, 1.15, 1.10, 0.46, 1.41, 1.55, 1.14, 0.14, 0.28, 0.16, 0.82, 0.80, 0.88, -1.80, -0.08, 230.00, 0.50, -19.42, 0.90
75733, 0, 0.50, 0.50, -0.81, 2.28, 81.66, 0.61, 1.32, 52.80, 0.01, 1.15, 1.21, 1.14, 1.41, 1.42, 0.98, 0.14, 0.28, 0.14, 0.82, 0.93, 0.95, -8.57, -0.11, 230.00, 0.50, -24.59, 0.90
75741, 0, 0.50, 0.50, -1.01, 1.93, 86.47, 0.64, 1.32, 52.80, 0.01, 1.15, 1.55, 0.54, 1.41, 1.82, 0.74, 0.14, 0.28, 0.16, 0.82, 0.96, 0.67, -17.01, -0.14, 230.00, 0.50, -29.36, 0.90
75755, 0, 0.50, 0.50, -1.39, 1.83, 90.25, 0.66, 1.32, 52.80, 0.01, 1.15, 1.04, 1.47, 1.41, 1.18, 1.26, 0.14, 0.30, 0.16, 0.82, 0.86, 0.84, -24.37, -0.16, 230.00, 0.50, -32.61, 0.90
75772, 0, 0.50, 0.50, -1.46, 1.73, 92.58, 0.69, 1.32, 52.80, 0.01, 1.15, 1.14, 0.98, 1.41, 1.30, 1.04, 0.14, 0.30, 0.16, 0.82, 0.99, 0.44, -29.18, -0.19, 230.00, 0.50, -35.23, 0.90
75781, 0, 0.50, 0.50, -1.66, 1.51, 94.44, 0.71, 1.32, 52.80, 0.01, 1.15, 2.10, 0.72, 1.41, 1.49, 0.70, 0.14, 0.32, 0.16, 0.82, 1.01, 0.35, -32.95, -0.21, 230.00, 0.50, -36.89, 0.90
75795, 0, 0.50, 0.50, -1.27, 1.43, 95.41, 0.73, 1.32, 52.80, 0.01, 1.15, 0.86, 0.98, 1.41, 1.20, 1.25, 0.14, 0.32, 0.14, 0.82, 0.82, 0.56, -35.28, -0.23, 230.00, 0.50, -38.22, 0.90
75831, 0, 0.50, 0.50, -1.40, 1.46, 95.99, 0.74, 1.32, 52.80, 0.01, 1.15, 1.11, 1.42, 1.41, 1.30, 1.30, 0.14, 0.31, 0.16, 0.82, 0.87, 0.32, -37.14, -0.24, 230.00, 0.50, -38.92, 0.90
75840, 0, 0.50, 0.50, -1.76, 1.16, 96.32, 0.76, 1.32, 52.80, 0.01, 1.15, 1.14, 1.00, 1.41, 1.42, 0.82, 0.14, 0.31, 0.14, 0.82, 0.87, 0.37, -38.11, -0.26, 230.00, 0.50, -39.34, 0.90
75858, 0, 0.50, 0.50, -1.89, 1.13, 96.35, 0.78, 1.32, 52.80, 0.01, 1.15, 0.97, 0.81, 1.41, 1.21, 1.21, 0.14, 0.31, 0.14, 0.82, 0.85, 0.47, -38.69, -0.28, 230.00, 0.50, -39.57, 0.90
75866, 0, 0.50, 0.50, -2.08, 0.84, 96.46, 0.79, 1.32, 52.80, 0.01, 1.15, 1.10, 1.12, 1.41, 1.35, 1.61, 0.14, 0.30, 0.14, 0.82, 0.85, 0.53, -39.02, -0.29, 230.00, 0.50, -39.60, 0.90
75875, 0, 0.50, 0.50, -1.89, 0.48, 96.49, 0.79, 1.32, 52.80, 0.01, 1.15, 1.27, 0.70, 1.41, 1.97, 0.86, 0.14, 0.30, 0.14, 0.82, 0.96, 0.65, -39.06, -0.29, 230.00, 0.50, -39.68, 0.90
75892, 0, 0.50, 0.50, -1.80, 0.44, 96.61, 0.80, 1.32, 52.80, 0.01, 1.15, 1.04, 1.81, 1.41, 1.25, 1.61, 0.14, 0.28, 0.12, 0.82, 0.79, 0.44, -39.17, -0.30, 230.00, 0.50, -39.69, 0.90
75901, 0, 0.50, 0.50, -1.65, 0.35, 96.93, 0.80, 1.32, 52.80, 0.01, 1.15, 1.35, 0.77, 1.41, 1.44, 1.51, 0.14, 0.27, 0.12, 0.82, 0.77, 0.53, -39.19, -0.30, 230.00, 0.50, -39.79, 0.90
75915, 0, 0.50, 0.50, -1.67, 0.40, 97.33, 0.81, 1.32, 52.80, 0.01, 1.15, 0.97, 0.56, 1.41, 1.25, 0.77, 0.14, 0.25, 0.12, 0.82, 0.83, 0.56, -39.32, -0.31, 230.00, 0.50, -40.02, 0.90
75931, 0, 0.50, 0.50, -1.60, 0.22, 97.86, 0.81, 1.32, 52.80, 0.01, 1.15, 0.90, 1.74, 1.41, 1.18, 1.39, 0.14, 0.25, 0.12, 0.82, 0.72, 0.53, -39.64, -0.31, 230.00, 0.50, -40.31, 0.90
75941, 0, 0.50, 0.50, -1.57, -0.09, 98.53, 0.81, 1.32, 52.80, 0.01, 1.15, 1.08, 1.40, 1.41, 1.35, 1.51, 0.14, 0.25, 0.14, 0.82, 0.82, 0.67, -40.03, -0.31, 230.00, 0.50, -40.70, 0.90
75955, 0, 0.50, 0.50, -1.70, 0.25, 99.33, 0.81, 1.32, 52.80, 0.01, 1.15, 1.17, 1.23, 1.41, 1.28, 0.77, 0.14, 0.25, 0.12, 0.82, 0.90, 0.61, -40.56, -0.31, 230.00, 0.50, -41.20, 0.90
75970, 0, 0.50, 0.50, -1.74, 0.13, 100.13, 0.82, 1.32, 52.80, 0.01, 1.15, 1.11, 1.26, 1.41, 1.32, 1.33, 0.14, 0.24, 0.12, 0.82, 0.73, 0.56, -41.24, -0.32, 230.00, 0.50, -41.80, 0.90
75981, 0, 0.50, 0.50, -1.63, 0.13, 101.11, 0.82, 1.32, 52.80, 0.01, 1.15, 1.20, 1.02, 1.41, 1.35, 0.91, 0.14, 0.24, 0.12, 0.82, 0.73, 0.39, -42.03, -0.32, 230.00, 0.50, -42.41, 0.90
75995, 0, 0.50, 0.50, -1.61, 0.30, 102.10, 0.82, 1.32, 52.80, 0.01, 1.15, 1.14, 1.07, 1.41, 1.35, 1.25, 0.14, 0.24, 0.14, 0.82, 0.73, 0.44, -42.83, -0.32, 230.00, 0.50, -43.16, 0.90
76008, 0, 0.50, 0.50, -1.53, 0.28, 103.18, 0.82, 1.32, 52.80, 0.01, 1.15, 1.07, 0.56, 1.41, 1.34, 0.40, 0.14, 0.24, 0.12, 0.82, 0.75, 0.25, -43.82, -0.32, 230.00, 0.50, -43.93, 0.90
76021, 0, 0.50, 0.50, -1.95, 0.07, 104.27, 0.83, 1.32, 52.80, 0.01, 1.15, 0.93, 1.60, 1.41, 1.44, 1.40, 0.14, 0.25, 0.12, 0.82, 0.93, 0.53, -44.81, -0.33, 230.00, 0.50, -44.77, 0.90
76098, 0, 0.50, 0.50, -2.36, -0.09, 104.59, 0.82, 1.32, 52.80, 0.01, 1.15, 1.17, 1.14, 1.41, 1.42, 0.95, 0.14, 0.21, 0.11, 0.82, 0.86, 0.58, -45.88, -0.32, 230.00, 0.50, -45.62, 0.90
76107, 0, 0.50, 0.50, -2.21, -0.22, 104.65, 0.82, 1.32, 52.80, 0.01, 1.15, 1.18, 1.23, 1.41, 1.17, 1.26, 0.14, 0.21, 0.09, 0.82, 0.83, 0.58, -46.97, -0.32, 230.00, 0.50, -45.88, 0.90
76115, 0, 0.50, 0.50, -2.10, 0.19, 104.60, 0.82, 1.32, 52.80, 0.01, 1.15, 1.39, 0.61, 1.41, 1.72, 1.04, 0.14, 0.21, 0.11, 0.82, 0.97, 0.54, -47.30, -0.32, 230.00, 0.50, -45.93, 0.90
76128, 0, 0.50, 0.50, -2.28, -0.00, 104.67, 0.82, 1.32, 52.80, 0.01, 1.15, 1.04, 1.05, 1.41, 1.44, 1.51, 0.14, 0.20, 0.09, 0.82, 0.86, 0.42, -47.36, -0.32, 230.00, 0.50, -45.88, 0.90
76141, 0, 0.50, 0.50, -2.10, -0.07, 104.80, 0.82, 1.32, 52.80, 0.01, 1.15, 1.08, 1.46, 1.41, 1.37, 0.60, 0.14, 0.21, 0.11, 0.82, 0.79, 0.63, -47.30, -0.32, 230.00, 0.50, -45.94, 0.90
76155, 0, 0.50, 0.50, -2.27, -0.03, 105.19, 0.82, 1.32, 52.80, 0.01, 1.15, 1.04, 0.60, 1.41, 1.46, 1.44, 0.14, 0.21, 0.12, 0.82, 0.80, 0.56, -47.37, -0.32, 230.00, 0.50, -46.04, 0.90
76183, 0, 0.50, 0.50, -2.27, -0.17, 105.83, 0.82, 1.32, 52.80, 0.01, 1.15, 1.01, 1.51, 1.41, 1.34, 1.28, 0.14, 0.21, 0.14, 0.82, 0.82, 0.54, -47.51, -0.32, 230.00, 0.50, -46.35, 0.90
76195, 0, 0.50, 0.50, -2.07, -0.12, 106.70, 0.82, 1.32, 52.80, 0.01, 1.15, 1.15, 1.18, 1.41, 1.30, 1.35, 0.14, 0.23, 0.12, 0.82, 0.80, 0.58, -47.89, -0.32, 230.00, 0.50, -46.86, 0.90
76208, 0, 0.50, 0.50, -2.09, -0.14, 107.91, 0.82, 1.32, 52.80, 0.01, 1.15, 1.07, 0.40, 1.41, 1.23, 0.77, 0.14, 0.24, 0.12, 0.82, 0.82, 0.60, -48.53, -0.32, 230.00, 0.50, -47.57, 0.90
76222, 0, 0.50, 0.50, -2.15, -0.08, 109.11, 0.82, 1.32, 52.80, 0.01, 1.15, 0.97, 0.91, 1.41, 1.14, 0.77, 0.14, 0.25, 0.14, 0.82, 0.76, 0.51, -49.40, -0.32, 230.00, 0.50, -48.56, 0.90
76235, 0, 0.50, 0.50, -2.38, -0.29, 110.00, 0.81, 1.32, 52.80, 0.01, 1.15, 1.25, 1.05, 1.41, 1.24, 0.39, 0.14, 0.25, 0.12, 0.82, 0.83, 0.53, -50.61, -0.31, 230.00, 0.50, -49.54, 0.90
76248, 0, 0.50, 0.50, -2.51, -0.55, 110.30, 0.80, 1.32, 52.80, 0.01, 1.15, 0.96, 2.19, 1.41, 1.15, 0.51, 0.14, 0.25, 0.12, 0.82, 0.79, 0.54, -51.81, -0.30, 230.00, 0.50, -50.28, 0.90
76261, 0, 0.50, 0.50, -2.37, -0.60, 110.51, 0.80, 1.32, 52.80, 0.01, 1.15, 1.08, 0.68, 1.41, 1.17, 0.47, 0.14, 0.24, 0.12, 0.82, 0.87, 0.54, -52.70, -0.30, 230.00, 0.50, -50.53, 0.90
76275, 0, 0.50, 0.50, -2.34, -0.55, 110.34, 0.79, 1.32, 52.80, 0.01, 1.15, 1.11, 1.72, 1.41, 1.25, 0.77, 0.14, 0.24, 0.12, 0.82, 0.75, 0.44, -53.00, -0.29, 230.00, 0.50, -50.71, 0.90
76288, 0, 0.50, 0.50, -2.41, -0.39, 110.16, 0.78, 1.32, 52.80, 0.01, 1.15, 1.10, 0.46, 1.41, 1.34, 1.51, 0.14, 0.23, 0.11, 0.82, 0.75, 0.56, -53.22, -0.28, 230.00, 0.50, -50.57, 0.90
76301, 0, 0.50, 0.50, -2.41, -0.48, 110.06, 0.78, 1.32, 52.80, 0.01, 1.15, 1.07, 1.98, 1.41, 1.42, 1.21, 0.14, 0.23, 0.14, 0.82, 0.83, 0.47, -53.04, -0.28, 230.00, 0.50, -50.41, 0.90
76315, 0, 0.50, 0.50, -2.42, -0.23, 109.97, 0.77, 1.32, 52.80, 0.01, 1.15, 1.15, 0.54, 1.41, 1.30, 0.75, 0.14, 0.23, 0.12, 0.82, 0.76, 0.53, -52.86, -0.27, 230.00, 0.50, -50.34, 0.90
76328, 0, 0.50, 0.50, -2.36, -0.19, 109.84, 0.77, 1.32, 52.80, 0.01, 1.15, 1.08, 1.28, 1.41, 1.21, 0.72, 0.14, 0.23, 0.14, 0.82, 0.73, 0.54, -52.77, -0.27, 230.00, 0.50, -50.26, 0.90
76341, 0, 0.50, 0.50, -2.41, -0.32, 109.73, 0.77, 1.32, 52.80, 0.01, 1.15, 1.08, 1.56, 1.41, 1.24, 0.98, 0.14, 0.24, 0.14, 0.82, 0.87, 0.56, -52.68, -0.27, 230.00, 0.50, -50.16, 0.90
76355, 0, 0.50, 0.50, -2.42, -0.26, 109.61, 0.76, 1.32, 52.80, 0.01, 1.15, 1.18, 0.72, 1.41, 1.20, 0.46, 0.14, 0.27, 0.16, 0.82, 0.76, 0.58, -52.55, -0.26, 230.00, 0.50, -50.07, 0.90
76368, 0, 0.50, 0.50, -2.41, -0.30, 109.52, 0.76, 1.32, 52.80, 0.01, 1.15, 1.11, 0.56, 1.41, 1.27, 1.75, 0.14, 0.30, 0.18, 0.82, 0.73, 0.47, -52.44, -0.26, 230.00, 0.50, -49.96, 0.90
76381, 0, 0.50, 0.50, -2.22, -0.31, 109.56, 0.76, 1.32, 52.80, 0.01, 1.15, 1.14, 1.14, 1.41, 1.21, 0.49, 0.14, 0.35, 0.21, 0.82, 0.75, 0.25, -52.31, -0.26, 230.00, 0.50, -49.89, 0.90
76395, 0, 0.50, 0.50, -2.01, -0.19, 109.78, 0.75, 1.32, 52.80, 0.01, 1.15, 1.14, 0.89, 1.41, 1.27, 1.54, 0.14, 0.39, 0.21, 0.82, 0.79, 0.30, -52.23, -0.25, 230.00, 0.50, -49.92, 0.90
76408, 0, 0.50, 0.50, -2.25, -0.16, 110.15, 0.75, 1.32, 52.80, 0.01, 1.15, 1.23, 0.91, 1.41, 1.18, 0.61, 0.14, 0.42, 0.25, 0.82, 0.79, 0.23, -52.26, -0.25, 230.00, 0.50, -50.11, 0.90
76421, 0, 0.50, 0.50, -2.66, -0.30, 110.49, 0.75, 1.32, 52.80, 0.01, 1.15, 1.11, 0.89, 1.41, 1.23, 1.51, 0.14, 0.41, 0.23, 0.82, 0.90, 0.51, -52.49, -0.25, 230.00, 0.50, -50.42, 0.90
76435, 0, 0.50, 0.50, -2.57, -0.25, 110.55, 0.74, 1.32, 52.80, 0.01, 1.15, 1.13, 1.39, 1.41, 1.23, 1.07, 0.14, 0.42, 0.25, 0.82, 0.73, 0.19, -52.86, -0.24, 230.00, 0.50, -50.69, 0.90
76448, 0, 0.50, 0.50, -2.78, -0.26, 110.51, 0.74, 1.32, 52.80, 0.01, 1.15, 1.27, 1.53, 1.41, 1.21, 0.51, 0.14, 0.39, 0.23, 0.82, 0.96, 0.54, -53.19, -0.24, 230.00, 0.50, -50.75, 0.90
76461, 0, 0.50, 0.50, -2.39, -0.21, 110.41, 0.74, 1.32, 52.80, 0.01, 1.15, 1.13, 0.42, 1.41, 1.28, 1.65, 0.14, 0.41, 0.23, 0.82, 0.83, 0.33, -53.26, -0.24, 230.00, 0.50, -50.71, 0.90
76488, 0, 0.50, 0.50, -2.17, -0.20, 110.28, 0.74, 1.32, 52.80, 0.01, 1.15, 1.08, 1.44, 1.41, 1.28, 1.74, 0.14, 0.38, 0.21, 0.82, 0.77, 0.32, -53.22, -0.24, 230.00, 0.50, -50.63, 0.90
76501, 0, 0.50, 0.50, -2.07, -0.20, 110.22, 0.73, 1.32, 52.80, 0.01, 1.15, 1.15, 0.54, 1.41, 1.24, 0.46, 0.14, 0.38, 0.23, 0.82, 0.85, 0.56, -53.12, -0.23, 230.00, 0.50, -50.52, 0.90
76515, 0, 0.50, 0.50, -2.17, -0.08, 110.24, 0.73, 1.32, 52.80, 0.01, 1.15, 1.06, 0.53, 1.41, 1.15, 0.72, 0.14, 0.39, 0.23, 0.82, 0.79, 0.58, -52.98, -0.23, 230.00, 0.50, -50.47, 0.90
76530, 0, 0.50, 0.50, -2.05, -0.27, 110.29, 0.73, 1.32, 52.80, 0.01, 1.15, 0.99, 0.82, 1.41, 1.11, 0.86, 0.14, 0.39, 0.23, 0.82, 0.75, 0.37, -52.92, -0.23, 230.00, 0.50, -50.49, 0.90
76541, 0, 0.50, 0.50, -2.37, -0.49, 110.25, 0.72, 1.32, 52.80, 0.01, 1.15, 1.35, 0.84, 1.41, 1.25, 1.37, 0.14, 0.41, 0.25, 0.82, 0.77, 0.19, -52.95, -0.22, 230.00, 0.50, -50.53, 0.90
76555, 0, 0.50, 0.50, -1.97, -0.40, 110.14, 0.72, 1.32, 52.80, 0.01, 1.15, 0.93, 0.28, 1.41, 1.10, 0.42, 0.14, 0.42, 0.25, 0.82, 0.75, 0.53, -52.99, -0.22, 230.00, 0.50, -50.50, 0.90
76568, 0, 0.50, 0.50, -2.25, -0.64, 110.15, 0.71, 1.32, 52.80, 0.01, 1.15, 0.96, 1.96, 1.41, 1.15, 0.54, 0.14, 0.44, 0.25, 0.82, 0.76, 0.18, -52.96, -0.21, 230.00, 0.50, -50.40, 0.90
76581, 0, 0.50, 0.50, -2.14, -0.45, 110.05, 0.70, 1.32, 52.80, 0.01, 1.15, 1.13, 0.88, 1.41, 1.20, 1.16, 0.14, 0.45, 0.28, 0.82, 0.82, 0.14, -52.84, -0.20, 230.00, 0.50, -50.41, 0.90
76595, 0, 0.50, 0.50, -2.28, -0.38, 110.03, 0.70, 1.32, 52.80, 0.01, 1.15, 1.10, 0.49, 1.41, 1.14, 0.74, 0.14, 0.46, 0.28, 0.82, 0.79, 0.21, -52.85, -0.20, 230.00, 0.50, -50.33, 0.90
76608, 0, 0.50, 0.50, -2.48, -0.46, 110.00, 0.69, 1.32, 52.80, 0.01, 1.15, 1.10, 1.16, 1.41, 1.21, 0.98, 0.14, 0.45, 0.26, 0.82, 0.80, 0.58, -52.75, -0.19, 230.00, 0.50, -50.32, 0.90
76621, 0, 0.50, 0.50, -2.21, -0.24, 109.85, 0.69, 1.32, 52.80, 0.01, 1.15, 1.11, 0.63, 1.41, 1.31, 1.68, 0.14, 0.44, 0.26, 0.82, 0.73, 0.09, -52.74, -0.19, 230.00, 0.50, -50.29, 0.90
76699, 0, 0.50, 0.50, -2.20, -0.30, 109.93, 0.68, 1.32, 52.80, 0.01, 1.15, 1.20, 0.77, 1.41, 1.46, 1.07, 0.14, 0.39, 0.21, 0.82, 0.82, 0.40, -52.70, -0.18, 230.00, 0.50, -50.17, 0.90
76708, 0, 0.50, 0.50, -2.19, -0.18, 110.02, 0.68, 1.32, 52.80, 0.01, 1.15, 1.56, 0.56, 1.41, 1.14, 1.42, 0.14, 0.39, 0.23, 0.82, 0.87, 0.32, -52.55, -0.18, 230.00, 0.50, -50.23, 0.90
76716, 0, 0.50, 0.50, -2.00, 0.09, 110.16, 0.68, 1.32, 52.80, 0.01, 1.15, 1.31, 0.49, 1.41, 1.21, 1.84, 0.14, 0.39, 0.23, 0.82, 0.89, 0.39, -52.63, -0.18, 230.00, 0.50, -50.31, 0.90
76729, 0, 0.50, 0.50, -1.79, 0.07, 110.48, 0.68, 1.32, 52.80, 0.01, 1.15, 0.93, 1.19, 1.41, 1.41, 0.75, 0.14, 0.42, 0.26, 0.82, 0.77, 0.30, -52.73, -0.18, 230.00, 0.50, -50.42, 0.90
76741, 0, 0.50, 0.50, -2.04, -0.03, 110.97, 0.68, 1.32, 52.80, 0.01, 1.15, 1.08, 0.72, 1.41, 1.34, 1.42, 0.14, 0.44, 0.25, 0.82, 0.92, 0.53, -52.87, -0.18, 230.00, 0.50, -50.69, 0.90
76755, 0, 0.50, 0.50, -1.80, 0.20, 111.52, 0.69, 1.32, 52.80, 0.01, 1.15, 0.99, 0.58, 1.41, 1.24, 0.72, 0.14, 0.42, 0.25, 0.82, 0.80, 0.51, -53.19, -0.19, 230.00, 0.50, -51.10, 0.90
76768, 0, 0.50, 0.50, -2.12, -0.10, 112.23, 0.68, 1.32, 52.80, 0.01, 1.15, 0.99, 0.65, 1.41, 1.25, 0.96, 0.14, 0.42, 0.23, 0.82, 0.79, 0.51, -53.67, -0.18, 230.00, 0.50, -51.56, 0.90
76781, 0, 0.50, 0.50, -2.02, -0.20, 112.86, 0.68, 1.32, 52.80, 0.01, 1.15, 0.99, 0.39, 1.41, 1.20, 0.77, 0.14, 0.44, 0.25, 0.82, 0.75, 0.25, -54.22, -0.18, 230.00, 0.50, -52.16, 0.90
76795, 0, 0.50, 0.50, -2.12, -0.58, 113.40, 0.67, 1.32, 52.80, 0.01, 1.15, 0.97, 1.46, 1.41, 1.18, 0.42, 0.14, 0.42, 0.25, 0.82, 0.79, 0.14, -54.93, -0.17, 230.00, 0.50, -52.70, 0.90
76808, 0, 0.50, 0.50, -2.20, -0.42, 113.65, 0.67, 1.32, 52.80, 0.01, 1.15, 1.07, 0.37, 1.41, 1.15, 0.81, 0.14, 0.42, 0.25, 0.82, 0.85, 0.40, -55.56, -0.17, 230.00, 0.50, -53.16, 0.90
76821, 0, 0.50, 0.50, -2.24, -0.37, 113.65, 0.66, 1.32, 52.80, 0.01, 1.15, 0.96, 0.93, 1.41, 1.15, 0.67, 0.14, 0.41, 0.23, 0.82, 0.80, 0.25, -56.10, -0.16, 230.00, 0.50, -53.37, 0.90
76835, 0, 0.50, 0.50, -2.44, -0.51, 113.65, 0.66, 1.32, 52.80, 0.01, 1.15, 0.97, 0.54, 1.41, 1.18, 0.65, 0.14, 0.41, 0.23, 0.82, 0.83, 0.42, -56.35, -0.16, 230.00, 0.50, -53.37, 0.90
76862, 0, 0.50, 0.50, -2.32, -0.25, 113.38, 0.65, 1.32, 52.80, 0.01, 1.15, 1.13, 1.58, 1.41, 1.39, 1.70, 0.14, 0.38, 0.21, 0.82, 0.77, 0.37, -56.35, -0.15, 230.00, 0.50, -53.38, 0.90
76875, 0, 0.50, 0.50, -2.52, -0.13, 113.13, 0.65, 1.32, 52.80, 0.01, 1.15, 1.11, 0.39, 1.41, 1.37, 1.04, 0.14, 0.35, 0.19, 0.82, 1.07, 0.53, -56.36, -0.15, 230.00, 0.50, -53.14, 0.90
76889, 0, 0.50, 0.50, -2.30, -0.05, 112.88, 0.65, 1.32, 52.80, 0.01, 1.15, 1.03, 1.02, 1.41, 1.45, 1.49, 0.14, 0.37, 0.21, 0.82, 0.80, 0.44, -56.08, -0.15, 230.00, 0.50, -52.93, 0.90
76901, 0, 0.50, 0.50, -2.22, -0.06, 112.83, 0.65, 1.32, 52.80, 0.01, 1.15, 1.15, 1.25, 1.41, 1.42, 0.51, 0.14, 0.38, 0.21, 0.82, 0.79, 0.44, -55.84, -0.15, 230.00, 0.50, -52.72, 0.90
76915, 0, 0.50, 0.50, -2.18, -0.02, 112.66, 0.65, 1.32, 52.80, 0.01, 1.15, 1.11, 0.60, 1.41, 1.28, 0.49, 0.14, 0.38, 0.21, 0.82, 0.79, 0.39, -55.58, -0.15, 230.00, 0.50, -52.67, 0.90
76928, 0, 0.50, 0.50, -2.21, -0.04, 112.57, 0.65, 1.32, 52.80, 0.01, 1.15, 1.10, 1.53, 1.41, 1.25, 1.18, 0.14, 0.37, 0.21, 0.82, 0.97, 0.51, -55.53, -0.15, 230.00, 0.50, -52.53, 0.90
76941, 0, 0.50, 0.50, -2.16, -0.06, 112.49, 0.65, 1.32, 52.80, 0.01, 1.15, 1.14, 0.51, 1.41, 1.42, 1.68, 0.14, 0.38, 0.23, 0.82, 0.85, 0.54, -55.36, -0.15, 230.00, 0.50, -52.45, 0.90
76955, 0, 0.50, 0.50, -2.18, -0.01, 112.36, 0.65, 1.32, 52.80, 0.01, 1.15, 1.01, 1.18, 1.41, 1.25, 0.37, 0.14, 0.41, 0.21, 0.82, 0.77, 0.39, -55.27, -0.15, 230.00, 0.50, -52.39, 0.90
76968, 0, 0.50, 0.50, -2.01, -0.06, 112.42, 0.65, 1.32, 52.80, 0.01, 1.15, 1.10, 0.91, 1.41, 1.27, 1.14, 0.14, 0.42, 0.23, 0.82, 0.83, 0.35, -55.19, -0.15, 230.00, 0.50, -52.28, 0.90
76981, 0, 0.50, 0.50, -2.15, -0.12, 112.59, 0.65, 1.32, 52.80, 0.01, 1.15, 1.17, 0.96, 1.41, 1.35, 1.51, 0.14, 0.41, 0.23, 0.82, 0.76, 0.35, -55.06, -0.15, 230.00, 0.50, -52.33, 0.90
76995, 0, 0.50, 0.50, -1.97, -0.00, 112.61, 0.65, 1.32, 52.80, 0.01, 1.15, 1.11, 1.32, 1.41, 1.31, 0.61, 0.14, 0.39, 0.23, 0.82, 0.90, 0.46, -55.13, -0.15, 230.00, 0.50, -52.47, 0.90
77008, 0, 0.50, 0.50, -2.39, -0.18, 112.76, 0.64, 1.32, 52.80, 0.01, 1.15, 1.11, 0.61, 1.41, 1.28, 0.60, 0.14, 0.38, 0.21, 0.82, 0.83, 0.47, -55.29, -0.14, 230.00, 0.50, -52.49, 0.90
77021, 0, 0.50, 0.50, -2.30, -0.11, 112.71, 0.64, 1.32, 52.80, 0.01, 1.15, 0.97, 0.95, 1.41, 1.30, 1.00, 0.14, 0.37, 0.21, 0.82, 0.76, 0.26, -55.31, -0.14, 230.00, 0.50, -52.62, 0.90
77035, 0, 0.50, 0.50, -2.55, -0.21, 112.85, 0.64, 1.32, 52.80, 0.01, 1.15, 1.10, 0.60, 1.41, 1.39, 1.60, 0.14, 0.35, 0.21, 0.82, 0.87, 0.39, -55.47, -0.14, 230.00, 0.50, -52.58, 0.90
77048, 0, 0.50, 0.50, -2.47, -0.25, 113.00, 0.64, 1.32, 52.80, 0.01, 1.15, 0.90, 1.07, 1.41, 1.49, 1.61, 0.14, 0.34, 0.18, 0.82, 0.83, 0.53, -55.41, -0.14, 230.00, 0.50, -52.70, 0.90
77061, 0, 0.50, 0.50, -2.13, -0.12, 113.19, 0.63, 1.32, 52.80, 0.01, 1.15, 0.96, 1.11, 1.41, 1.38, 0.89, 0.14, 0.32, 0.19, 0.82, 0.83, 0.60, -55.56, -0.13, 230.00, 0.50, -52.82, 0.90
77075, 0, 0.50, 0.50, -2.34, 0.01, 113.41, 0.63, 1.32, 52.80, 0.01, 1.15, 0.97, 0.18, 1.41, 1.45, 1.51, 0.14, 0.32, 0.18, 0.82, 0.79, 0.56, -55.70, -0.13, 230.00, 0.50, -52.99, 0.90
77088, 0, 0.50, 0.50, -2.13, 0.02, 113.51, 0.63, 1.32, 52.80, 0.01, 1.15, 0.92, 1.58, 1.41, 1.23, 0.75, 0.14, 0.31, 0.16, 0.82, 0.94, 0.54, -55.90, -0.13, 230.00, 0.50, -53.17, 0.90
77101, 0, 0.50, 0.50, -2.38, -0.26, 113.71, 0.63, 1.32, 52.80, 0.01, 1.15, 1.01, 0.70, 1.41, 1.21, 0.79, 0.14, 0.30, 0.18, 0.82, 0.79, 0.56, -56.11, -0.13, 230.00, 0.50, -53.26, 0.90
77115, 0, 0.50, 0.50, -2.24, -0.01, 113.64, 0.63, 1.32, 52.80, 0.01, 1.15, 1.00, 0.77, 1.41, 1.17, 0.68, 0.14, 0.28, 0.14, 0.82, 0.79, 0.54, -56.21, -0.13, 230.00, 0.50, -53.43, 0.90
77128, 0, 0.50, 0.50, -2.52, -0.37, 113.51, 0.63, 1.32, 52.80, 0.01, 1.15, 0.97, 1.16, 1.41, 1.10, 0.42, 0.14, 0.28, 0.14, 0.82, 0.80, 0.54, -56.42, -0.13, 230.00, 0.50, -53.36, 0.90
77141, 0, 0.50, 0.50, -2.39, -0.69, 113.24, 0.62, 1.32, 52.80, 0.01, 1.15, 1.07, 1.72, 1.41, 1.17, 0.46, 0.14, 0.27, 0.14, 0.82, 0.72, 0.44, -56.34, -0.12, 230.00, 0.50, -53.26, 0.90
77168, 0, 0.50, 0.50, -2.38, -0.60, 112.62, 0.61, 1.32, 52.80, 0.01, 1.15, 1.07, 1.67, 1.41, 1.25, 1.46, 0.14, 0.25, 0.11, 0.82, 0.79, 0.26, -56.22, -0.11, 230.00, 0.50, -53.03, 0.90
77181, 0, 0.50, 0.50, -2.30, -0.44, 111.94, 0.60, 1.32, 52.80, 0.01, 1.15, 1.07, 0.60, 1.41, 1.28, 0.81, 0.14, 0.24, 0.12, 0.82, 0.85, 0.47, -55.94, -0.10, 230.00, 0.50, -52.51, 0.90
77195, 0, 0.50, 0.50, -2.15, -0.34, 111.17, 0.60, 1.32, 52.80, 0.01, 1.15, 0.97, 1.88, 1.41, 1.34, 0.89, 0.14, 0.23, 0.12, 0.82, 0.79, 0.51, -55.32, -0.10, 230.00, 0.50, -51.94, 0.90
77210, 0, 0.50, 0.50, -2.03, -0.15, 110.50, 0.60, 1.32, 52.80, 0.01, 1.15, 1.04, 0.33, 1.41, 1.28, 0.82, 0.14, 0.23, 0.12, 0.82, 0.83, 0.61, -54.65, -0.10, 230.00, 0.50, -51.30, 0.90
77221, 0, 0.50, 0.50, -2.41, -0.40, 110.05, 0.59, 1.32, 52.80, 0.01, 1.15, 1.04, 1.53, 1.41, 1.39, 1.19, 0.14, 0.24, 0.14, 0.82, 0.83, 0.49, -53.87, -0.09, 230.00, 0.50, -50.75, 0.90
77295, 0, 0.50, 0.50, -2.20, -0.21, 109.87, 0.59, 1.32, 52.80, 0.01, 1.15, 1.17, 1.12, 1.41, 1.45, 1.00, 0.14, 0.24, 0.12, 0.82, 0.86, 0.28, -53.20, -0.09, 230.00, 0.50, -50.38, 0.90
77304, 0, 0.50, 0.50, -2.29, -0.30, 109.85, 0.58, 1.32, 52.80, 0.01, 1.15, 1.58, 0.77, 1.41, 2.06, 0.75, 0.14, 0.24, 0.12, 0.82, 0.93, 0.54, -52.75, -0.08, 230.00, 0.50, -50.23, 0.90
77315, 0, 0.50, 0.50, -2.30, -0.39, 109.81, 0.58, 1.32, 52.80, 0.01, 1.15, 0.94, 1.07, 1.41, 1.20, 1.53, 0.14, 0.24, 0.12, 0.82, 0.77, 0.39, -52.57, -0.08, 230.00, 0.50, -50.21, 0.90
77328, 0, 0.50, 0.50, -2.10, -0.17, 109.73, 0.58, 1.32, 52.80, 0.01, 1.15, 1.10, 1.72, 1.41, 1.30, 0.53, 0.14, 0.24, 0.14, 0.82, 0.80, 0.53, -52.55, -0.08, 230.00, 0.50, -50.18, 0.90
77341, 0, 0.50, 0.50, -2.15, -0.24, 109.75, 0.57, 1.32, 52.80, 0.01, 1.15, 1.08, 0.32, 1.41, 1.41, 1.65, 0.14, 0.25, 0.14, 0.82, 0.87, 0.56, -52.51, -0.07, 230.00, 0.50, -50.12, 0.90
77355, 0, 0.50, 0.50, -2.03, -0.23, 109.86, 0.57, 1.32, 52.80, 0.01, 1.15, 1.01, 0.54, 1.41, 1.44, 1.77, 0.14, 0.25, 0.16, 0.82, 0.80, 0.61, -52.43, -0.07, 230.00, 0.50, -50.14, 0.90
77368, 0, 0.50, 0.50, -1.94, -0.25, 110.21, 0.57, 1.32, 52.80, 0.01, 1.15, 0.97, 0.86, 1.41, 1.37, 0.72, 0.14, 0.28, 0.16, 0.82, 0.80, 0.56, -52.46, -0.07, 230.00, 0.50, -50.23, 0.90
77381, 0, 0.50, 0.50, -1.83, -0.26, 110.74, 0.56, 1.32, 52.80, 0.01, 1.15, 0.99, 0.30, 1.41, 1.23, 0.47, 0.14, 0.31, 0.19, 0.82, 0.83, 0.49, -52.57, -0.06, 230.00, 0.50, -50.51, 0.90
77395, 0, 0.50, 0.50, -1.72, -0.20, 111.42, 0.56, 1.32, 52.80, 0.01, 1.15, 1.04, 1.07, 1.41, 1.34, 1.77, 0.14, 0.32, 0.19, 0.82, 0.75, 0.40, -52.91, -0.06, 230.00, 0.50, -50.96, 0.90
77408, 0, 0.50, 0.50, -1.66, -0.22, 112.24, 0.56, 1.32, 52.80, 0.01, 1.15, 1.00, 0.93, 1.41, 1.21, 0.72, 0.14, 0.34, 0.19, 0.82, 0.76, 0.39, -53.44, -0.06, 230.00, 0.50, -51.53, 0.90
77421, 0, 0.50, 0.50, -2.08, -0.37, 113.29, 0.55, 1.32, 52.80, 0.01, 1.15, 0.99, 0.67, 1.41, 1.24, 0.96, 0.14, 0.32, 0.19, 0.82, 0.80, 0.54, -54.12, -0.05, 230.00, 0.50, -52.23, 0.90
77435, 0, 0.50, 0.50, -2.00, -0.09, 114.06, 0.55, 1.32, 52.80, 0.01, 1.15, 1.01, 0.88, 1.41, 1.18, 0.53, 0.14, 0.32, 0.16, 0.82, 0.70, 0.16, -54.95, -0.05, 230.00, 0.50, -53.12, 0.90
77448, 0, 0.50, 0.50, -2.45, -0.54, 114.78, 0.54, 1.32, 52.80, 0.01, 1.15, 1.03, 0.98, 1.41, 1.25, 0.86, 0.14, 0.31, 0.18, 0.82, 0.83, 0.28, -55.99, -0.04, 230.00, 0.50, -53.79, 0.90
77461, 0, 0.50, 0.50, -2.22, -0.55, 115.13, 0.54, 1.32, 52.80, 0.01, 1.15, 1.01, 0.70, 1.41, 1.34, 1.58, 0.14, 0.31, 0.18, 0.82, 0.79, 0.26, -56.77, -0.04, 230.00, 0.50, -54.41, 0.90
77475, 0, 0.50, 0.50, -2.32, -0.33, 115.50, 0.53, 1.32, 52.80, 0.01, 1.15, 1.01, 0.89, 1.41, 1.42, 0.67, 0.14, 0.30, 0.16, 0.82, 0.89, 0.60, -57.48, -0.03, 230.00, 0.50, -54.71, 0.90
77488, 0, 0.50, 0.50, -2.49, -0.19, 115.66, 0.53, 1.32, 52.80, 0.01, 1.15, 1.01, 0.77, 1.41, 1.45, 1.19, 0.14, 0.28, 0.16, 0.82, 0.83, 0.32, -57.84, -0.03, 230.00, 0.50, -55.03, 0.90
77501, 0, 0.50, 0.50, -2.48, -0.20, 115.72, 0.53, 1.32, 52.80, 0.01, 1.15, 0.99, 1.09, 1.41, 1.46, 1.46, 0.14, 0.27, 0.16, 0.82, 0.83, 0.56, -58.20, -0.03, 230.00, 0.50, -55.17, 0.90
77529, 0, 0.50, 0.50, -2.38, -0.08, 116.19, 0.53, 1.32, 52.80, 0.01, 1.15, 1.17, 1.35, 1.41, 1.55, 1.42, 0.14, 0.30, 0.18, 0.82, 0.80, 0.44, -58.36, -0.03, 230.00, 0.50, -55.22, 0.90
77541, 0, 0.50, 0.50, -2.28, -0.01, 116.78, 0.53, 1.32, 52.80, 0.01, 1.15, 1.17, 0.46, 1.41, 1.46, 0.68, 0.14, 0.32, 0.19, 0.82, 0.77, 0.32, -58.42, -0.03, 230.00, 0.50, -55.64, 0.90
77555, 0, 0.50, 0.50, -2.33, 0.11, 117.56, 0.53, 1.32, 52.80, 0.01, 1.15, 1.14, 1.14, 1.41, 1.24, 0.75, 0.14, 0.35, 0.19, 0.82, 0.80, 0.42, -58.90, -0.03, 230.00, 0.50, -56.16, 0.90
77569, 0, 0.50, 0.50, -2.38, -0.05, 118.33, 0.53, 1.32, 52.80, 0.01, 1.15, 1.14, 0.95, 1.41, 1.24, 0.96, 0.14, 0.37, 0.19, 0.82, 0.75, 0.54, -59.48, -0.03, 230.00, 0.50, -56.85, 0.90
77581, 0, 0.50, 0.50, -2.39, -0.02, 118.82, 0.53, 1.32, 52.80, 0.01, 1.15, 1.14, 0.65, 1.41, 1.41, 1.88, 0.14, 0.38, 0.23, 0.82, 0.92, 0.49, -60.27, -0.03, 230.00, 0.50, -57.53, 0.90
77595, 0, 0.50, 0.50, -2.49, 0.14, 119.10, 0.53, 1.32, 52.80, 0.01, 1.15, 1.04, 0.60, 1.41, 1.24, 0.81, 0.14, 0.38, 0.21, 0.82, 0.92, 0.58, -61.03, -0.03, 230.00, 0.50, -57.97, 0.90
77608, 0, 0.50, 0.50, -2.30, -0.20, 119.28, 0.53, 1.32, 52.80, 0.01, 1.15, 0.93, 1.47, 1.41, 1.27, 0.89, 0.14, 0.38, 0.23, 0.82, 0.75, 0.28, -61.53, -0.03, 230.00, 0.50, -58.22, 0.90
77621, 0, 0.50, 0.50, -2.52, -0.40, 119.42, 0.52, 1.32, 52.80, 0.01, 1.15, 1.18, 1.67, 1.41, 1.34, 1.37, 0.14, 0.39, 0.21, 0.82, 0.80, 0.47, -61.80, -0.02, 230.00, 0.50, -58.38, 0.90
77635, 0, 0.50, 0.50, -2.32, -0.08, 119.16, 0.52, 1.32, 52.80, 0.01, 1.15, 1.10, 0.40, 1.41, 1.25, 0.70, 0.14, 0.35, 0.21, 0.82, 0.80, 0.54, -61.98, -0.02, 230.00, 0.50, -58.50, 0.90
77648, 0, 0.50, 0.50, -2.49, -0.30, 118.99, 0.52, 1.32, 52.80, 0.01, 1.15, 0.92, 1.19, 1.41, 1.24, 0.49, 0.14, 0.34, 0.18, 0.82, 0.89, 0.49, -62.12, -0.02, 230.00, 0.50, -58.28, 0.90
77661, 0, 0.50, 0.50, -2.68, -0.52, 118.80, 0.51, 1.32, 52.80, 0.01, 1.15, 1.00, 1.11, 1.41, 1.18, 0.51, 0.14, 0.31, 0.16, 0.82, 0.83, 0.54, -61.86, -0.01, 230.00, 0.50, -58.12, 0.90
77675, 0, 0.50, 0.50, -2.57, -0.48, 118.55, 0.50, 1.32, 52.80, 0.01, 1.15, 0.99, 1.04, 1.41, 1.23, 0.82, 0.14, 0.30, 0.14, 0.82, 0.79, 0.56, -61.69, -0.00, 230.00, 0.50, -57.96, 0.90
77688, 0, 0.50, 0.50, -2.72, -0.45, 118.22, 0.50, 1.32, 52.80, 0.01, 1.15, 0.99, 0.79, 1.41, 1.21, 0.70, 0.14, 0.27, 0.12, 0.82, 0.82, 0.53, -61.51, 0.00, 230.00, 0.50, -57.73, 0.90
77701, 0, 0.50, 0.50, -2.59, -0.52, 117.83, 0.49, 1.32, 52.80, 0.01, 1.15, 1.03, 1.33, 1.41, 1.15, 0.37, 0.14, 0.25, 0.12, 0.82, 0.85, 0.56, -61.25, 0.01, 230.00, 0.50, -57.44, 0.90
77715, 0, 0.50, 0.50, -2.61, -0.47, 117.39, 0.48, 1.32, 52.80, 0.01, 1.15, 1.04, 0.82, 1.41, 1.17, 0.33, 0.14, 0.24, 0.12, 0.82, 0.82, 0.56, -60.92, 0.02, 230.00, 0.50, -57.10, 0.90
77728, 0, 0.50, 0.50, -2.61, -0.50, 116.79, 0.48, 1.32, 52.80, 0.01, 1.15, 1.04, 1.89, 1.41, 1.15, 0.47, 0.14, 0.23, 0.12, 0.82, 0.82, 0.53, -60.54, 0.02, 230.00, 0.50, -56.71, 0.90
77741, 0, 0.50, 0.50, -2.56, -0.48, 116.03, 0.47, 1.32, 52.80, 0.01, 1.15, 1.13, 0.82, 1.41, 1.27, 1.32, 0.14, 0.23, 0.12, 0.82, 0.76, 0.39, -60.09, 0.03, 230.00, 0.50, -56.20, 0.90
77755, 0, 0.50, 0.50, -2.57, -0.43, 115.02, 0.46, 1.32, 52.80, 0.01, 1.15, 1.14, 1.40, 1.41, 1.41, 1.40, 0.14, 0.23, 0.14, 0.82, 0.87, 0.60, -59.50, 0.04, 230.00, 0.50, -55.54, 0.90
77768, 0, 0.50, 0.50, -2.58, -0.38, 113.88, 0.46, 1.32, 52.80, 0.01, 1.15, 1.21, 1.05, 1.41, 1.37, 0.72, 0.14, 0.23, 0.14, 0.82, 0.76, 0.47, -58.73, 0.04, 230.00, 0.50, -54.68, 0.90
77781, 0, 0.50, 0.50, -2.52, -0.30, 112.66, 0.46, 1.32, 52.80, 0.01, 1.15, 1.15, 0.56, 1.41, 1.41, 1.33, 0.14, 0.23, 0.12, 0.82, 0.79, 0.56, -57.73, 0.04, 230.00, 0.50, -53.71, 0.90
77795, 0, 0.50, 0.50, -2.62, -0.32, 111.69, 0.45, 1.32, 52.80, 0.01, 1.15, 1.14, 0.89, 1.41, 1.38, 0.51, 0.14, 0.23, 0.11, 0.82, 0.75, 0.49, -56.58, 0.05, 230.00, 0.50, -52.69, 0.90
77808, 0, 0.50, 0.50, -2.41, -0.15, 110.50, 0.45, 1.32, 52.80, 0.01, 1.15, 1.07, 1.91, 1.41, 1.38, 1.40, 0.14, 0.21, 0.11, 0.82, 0.97, 0.56, -55.37, 0.05, 230.00, 0.50, -51.88, 0.90
77897, 0, 0.50, 0.50, -2.07, -0.09, 109.28, 0.45, 1.32, 52.80, 0.01, 1.15, 1.13, 1.33, 1.41, 1.37, 1.05, 0.14, 0.21, 0.11, 0.82, 0.79, 0.40, -54.39, 0.05, 230.00, 0.50, -50.91, 0.90
77906, 0, 0.50, 0.50, -2.50, -0.25, 108.70, 0.44, 1.32, 52.80, 0.01, 1.15, 0.86, 1.77, 1.41, 1.39, 1.18, 0.14, 0.20, 0.11, 0.82, 0.83, 0.51, -53.20, 0.06, 230.00, 0.50, -49.92, 0.90
77915, 0, 0.50, 0.50, -2.47, -0.28, 108.23, 0.44, 1.32, 52.80, 0.01, 1.15, 1.75, 1.33, 1.41, 1.49, 0.70, 0.14, 0.20, 0.12, 0.82, 0.93, 0.58, -51.99, 0.06, 230.00, 0.50, -49.44, 0.90
77930, 0, 0.50, 0.50, -2.23, -0.15, 107.55, 0.44, 1.32, 52.80, 0.01, 1.15, 0.93, 0.35, 1.41, 1.32, 1.58, 0.14, 0.21, 0.11, 0.82, 0.82, 0.47, -51.40, 0.06, 230.00, 0.50, -49.06, 0.90
77941, 0, 0.50, 0.50, -2.12, 0.01, 106.98, 0.44, 1.32, 52.80, 0.01, 1.15, 0.97, 1.77, 1.41, 1.34, 1.09, 0.14, 0.20, 0.11, 0.82, 0.85, 0.53, -50.93, 0.06, 230.00, 0.50, -48.52, 0.90
77955, 0, 0.50, 0.50, -2.04, -0.10, 107.22, 0.44, 1.32, 52.80, 0.01, 1.15, 0.97, 0.35, 1.41, 1.45, 1.49, 0.14, 0.21, 0.12, 0.82, 0.82, 0.61, -50.26, 0.06, 230.00, 0.50, -48.06, 0.90
77968, 0, 0.50, 0.50, -1.98, -0.11, 107.54, 0.44, 1.32, 52.80, 0.01, 1.15, 0.94, 0.96, 1.41, 1.56, 1.33, 0.14, 0.21, 0.12, 0.82, 0.90, 0.56, -49.69, 0.06, 230.00, 0.50, -48.25, 0.90
77981, 0, 0.50, 0.50, -1.88, -0.04, 108.01, 0.44, 1.32, 52.80, 0.01, 1.15, 1.00, 1.05, 1.41, 1.39, 0.96, 0.14, 0.21, 0.12, 0.82, 0.77, 0.60, -49.92, 0.06, 230.00, 0.50, -48.52, 0.90
77995, 0, 0.50, 0.50, -1.73, -0.02, 108.56, 0.44, 1.32, 52.80, 0.01, 1.15, 0.99, 0.58, 1.41, 1.34, 0.61, 0.14, 0.23, 0.12, 0.82, 0.87, 0.53, -50.25, 0.06, 230.00, 0.50, -48.90, 0.90
78008, 0, 0.50, 0.50, -1.59, -0.09, 109.33, 0.43, 1.32, 52.80, 0.01, 1.15, 0.97, 0.84, 1.41, 1.23, 0.72, 0.14, 0.24, 0.14, 0.82, 0.85, 0.58, -50.71, 0.07, 230.00, 0.50, -49.35, 0.90
78021, 0, 0.50, 0.50, -1.84, -0.20, 110.22, 0.43, 1.32, 52.80, 0.01, 1.15, 1.06, 1.16, 1.41, 1.13, 0.44, 0.14, 0.24, 0.12, 0.82, 0.82, 0.56, -51.26, 0.07, 230.00, 0.50, -49.98, 0.90
78035, 0, 0.50, 0.50, -1.80, -0.21, 110.76, 0.43, 1.32, 52.80, 0.01, 1.15, 1.07, 0.40, 1.41, 1.24, 1.28, 0.14, 0.25, 0.14, 0.82, 0.63, 0.40, -52.03, 0.07, 230.00, 0.50, -50.72, 0.90
78048, 0, 0.50, 0.50, -1.90, -0.27, 111.24, 0.43, 1.32, 52.80, 0.01, 1.15, 1.00, 1.95, 1.41, 1.24, 0.54, 0.14, 0.25, 0.12, 0.82, 0.79, 0.46, -52.92, 0.07, 230.00, 0.50, -51.17, 0.90
78061, 0, 0.50, 0.50, -1.99, -0.23, 111.71, 0.42, 1.32, 52.80, 0.01, 1.15, 1.10, 1.21, 1.41, 1.31, 1.93, 0.14, 0.25, 0.14, 0.82, 0.75, 0.44, -53.46, 0.08, 230.00, 0.50, -51.57, 0.90
78075, 0, 0.50, 0.50, -1.99, -0.23, 112.15, 0.42, 1.32, 52.80, 0.01, 1.15, 1.14, 0.40, 1.41, 1.44, 1.35, 0.14, 0.24, 0.12, 0.82, 0.72, 0.44, -53.94, 0.08, 230.00, 0.50, -51.97, 0.90
78088, 0, 0.50, 0.50, -2.12, -0.18, 112.47, 0.42, 1.32, 52.80, 0.01, 1.15, 1.10, 1.04, 1.41, 1.30, 0.67, 0.14, 0.24, 0.12, 0.82, 0.70, 0.26, -54.41, 0.08, 230.00, 0.50, -52.35, 0.90
78101, 0, 0.50, 0.50, -2.07, -0.13, 112.73, 0.41, 1.32, 52.80, 0.01, 1.15, 1.13, 1.46, 1.41, 1.17, 0.70, 0.14, 0.24, 0.14, 0.82, 0.75, 0.26, -54.86, 0.09, 230.00, 0.50, -52.62, 0.90
78115, 0, 0.50, 0.50, -2.20, -0.19, 112.95, 0.41, 1.32, 52.80, 0.01, 1.15, 1.10, 0.60, 1.41, 1.07, 0.60, 0.14, 0.25, 0.14, 0.82, 0.82, 0.30, -55.18, 0.09, 230.00, 0.50, -52.84, 0.90
78128, 0, 0.50, 0.50, -2.26, -0.27, 112.84, 0.41, 1.32, 52.80, 0.01, 1.15, 0.94, 1.61, 1.41, 1.27, 1.60, 0.14, 0.25, 0.14, 0.82, 0.79, 0.18, -55.44, 0.09, 230.00, 0.50, -53.02, 0.90
78141, 0, 0.50, 0.50, -2.20, -0.33, 112.55, 0.40, 1.32, 52.80, 0.01, 1.15, 1.04, 0.47, 1.41, 1.18, 0.44, 0.14, 0.27, 0.16, 0.82, 0.85, 0.32, -55.66, 0.10, 230.00, 0.50, -52.93, 0.90
78155, 0, 0.50, 0.50, -2.28, -0.41, 112.26, 0.40, 1.32, 52.80, 0.01, 1.15, 0.94, 0.44, 1.41, 1.24, 1.53, 0.14, 0.28, 0.14, 0.82, 0.83, 0.37, -55.55, 0.10, 230.00, 0.50, -52.68, 0.90
78168, 0, 0.50, 0.50, -2.22, -0.34, 112.12, 0.39, 1.32, 52.80, 0.01, 1.15, 0.93, 1.88, 1.41, 1.27, 0.68, 0.14, 0.31, 0.18, 0.82, 0.79, 0.51, -55.25, 0.11, 230.00, 0.50, -52.44, 0.90
78181, 0, 0.50, 0.50, -2.16, -0.26, 112.18, 0.39, 1.32, 52.80, 0.01, 1.15, 1.04, 0.30, 1.41, 1.30, 1.39, 0.14, 0.32, 0.18, 0.82, 0.75, 0.23, -54.96, 0.11, 230.00, 0.50, -52.32, 0.90
78209, 0, 0.50, 0.50, -2.03, -0.11, 112.50, 0.39, 1.32, 52.80, 0.01, 1.15, 1.13, 1.26, 1.41, 1.41, 1.32, 0.14, 0.32, 0.19, 0.82, 0.77, 0.16, -54.82, 0.11, 230.00, 0.50, -52.37, 0.90
78221, 0, 0.50, 0.50, -1.98, -0.04, 112.90, 0.39, 1.32, 52.80, 0.01, 1.15, 1.15, 0.61, 1.41, 1.28, 0.68, 0.14, 0.31, 0.18, 0.82, 0.94, 0.33, -54.89, 0.11, 230.00, 0.50, -52.64, 0.90
78235, 0, 0.50, 0.50, -1.91, 0.02, 113.18, 0.39, 1.32, 52.80, 0.01, 1.15, 0.96, 0.77, 1.41, 1.20, 0.58, 0.14, 0.31, 0.18, 0.82, 0.79, 0.58, -55.20, 0.11, 230.00, 0.50, -52.98, 0.90
78249, 0, 0.50, 0.50, -1.83, -0.01, 113.49, 0.39, 1.32, 52.80, 0.01, 1.15, 0.96, 1.07, 1.41, 1.14, 0.77, 0.14, 0.30, 0.16, 0.82, 0.82, 0.49, -55.61, 0.11, 230.00, 0.50, -53.22, 0.90
78261, 0, 0.50, 0.50, -2.18, -0.06, 113.75, 0.39, 1.32, 52.80, 0.01, 1.15, 1.38, 0.49, 1.41, 1.17, 0.91, 0.14, 0.30, 0.16, 0.82, 0.83, 0.58, -55.88, 0.11, 230.00, 0.50, -53.48, 0.90
78275, 0, 0.50, 0.50, -2.08, -0.18, 113.66, 0.39, 1.32, 52.80, 0.01, 1.15, 0.94, 1.49, 1.41, 1.17, 0.54, 0.14, 0.30, 0.16, 0.82, 0.79, 0.35, -56.19, 0.11, 230.00, 0.50, -53.71, 0.90
78288, 0, 0.50, 0.50, -2.15, -0.27, 113.62, 0.38, 1.32, 52.80, 0.01, 1.15, 0.99, 0.44, 1.41, 1.17, 0.53, 0.14, 0.28, 0.16, 0.82, 0.82, 0.54, -56.45, 0.12, 230.00, 0.50, -53.63, 0.90
78301, 0, 0.50, 0.50, -2.14, -0.20, 113.55, 0.38, 1.32, 52.80, 0.01, 1.15, 1.01, 1.65, 1.41, 1.17, 0.49, 0.14, 0.28, 0.16, 0.82, 0.82, 0.35, -56.36, 0.12, 230.00, 0.50, -53.59, 0.90
78315, 0, 0.50, 0.50, -2.17, -0.35, 113.41, 0.37, 1.32, 52.80, 0.01, 1.15, 1.13, 1.00, 1.41, 1.28, 1.81, 0.14, 0.28, 0.18, 0.82, 0.73, 0.28, -56.32, 0.13, 230.00, 0.50, -53.54, 0.90
78328, 0, 0.50, 0.50, -2.17, -0.17, 113.25, 0.37, 1.32, 52.80, 0.01, 1.15, 1.15, 1.16, 1.41, 1.24, 0.46, 0.14, 0.28, 0.18, 0.82, 0.85, 0.32, -56.26, 0.13, 230.00, 0.50, -53.42, 0.90
78341, 0, 0.50, 0.50, -2.21, -0.14, 113.13, 0.37, 1.32, 52.80, 0.01, 1.15, 1.21, 0.86, 1.41, 1.27, 1.32, 0.14, 0.28, 0.18, 0.82, 0.77, 0.25, -56.12, 0.13, 230.00, 0.50, -53.28, 0.90
78355, 0, 0.50, 0.50, -2.26, -0.02, 113.00, 0.37, 1.32, 52.80, 0.01, 1.15, 1.17, 0.58, 1.41, 1.35, 1.54, 0.14, 0.28, 0.18, 0.82, 0.89, 0.53, -55.95, 0.13, 230.00, 0.50, -53.18, 0.90
78368, 0, 0.50, 0.50, -2.28, -0.15, 112.93, 0.37, 1.32, 52.80, 0.01, 1.15, 1.14, 0.49, 1.41, 1.42, 0.95, 0.14, 0.31, 0.18, 0.82, 0.83, 0.26, -55.83, 0.13, 230.00, 0.50, -53.07, 0.90
78381, 0, 0.50, 0.50, -2.26, -0.03, 112.86, 0.37, 1.32, 52.80, 0.01, 1.15, 1.06, 0.95, 1.41, 1.45, 1.19, 0.14, 0.34, 0.19, 0.82, 0.77, 0.35, -55.70, 0.13, 230.00, 0.50, -53.01, 0.90
78395, 0, 0.50, 0.50, -2.39, 0.07, 112.90, 0.37, 1.32, 52.80, 0.01, 1.15, 1.07, 0.47, 1.41, 1.49, 1.47, 0.14, 0.32, 0.19, 0.82, 0.87, 0.37, -55.64, 0.13, 230.00, 0.50, -52.95, 0.90
78408, 0, 0.50, 0.50, -2.37, -0.08, 112.90, 0.37, 1.32, 52.80, 0.01, 1.15, 0.94, 1.84, 1.41, 1.45, 1.26, 0.14, 0.37, 0.21, 0.82, 0.82, 0.32, -55.57, 0.13, 230.00, 0.50, -52.99, 0.90
78421, 0, 0.50, 0.50, -2.19, 0.01, 112.94, 0.37, 1.32, 52.80, 0.01, 1.15, 1.10, 0.53, 1.41, 1.48, 1.11, 0.14, 0.41, 0.21, 0.82, 1.04, 0.54, -55.61, 0.13, 230.00, 0.50, -52.98, 0.90
78435, 0, 0.50, 0.50, -2.09, 0.12, 112.95, 0.37, 1.32, 52.80, 0.01, 1.15, 1.13, 1.26, 1.41, 1.44, 0.56, 0.14, 0.38, 0.21, 0.82, 0.85, 0.46, -55.60, 0.13, 230.00, 0.50, -53.02, 0.90
78448, 0, 0.50, 0.50, -1.92, 0.18, 112.99, 0.37, 1.32, 52.80, 0.01, 1.15, 1.14, 1.28, 1.41, 1.34, 0.65, 0.14, 0.38, 0.21, 0.82, 0.76, 0.26, -55.65, 0.13, 230.00, 0.50, -53.03, 0.90
78461, 0, 0.50, 0.50, -2.31, 0.04, 113.14, 0.37, 1.32, 52.80, 0.01, 1.15, 1.08, 0.60, 1.41, 1.23, 0.74, 0.14, 0.38, 0.19, 0.82, 0.83, 0.51, -55.65, 0.13, 230.00, 0.50, -53.06, 0.90
78475, 0, 0.50, 0.50, -1.92, 0.21, 113.13, 0.38, 1.32, 52.80, 0.01, 1.15, 0.94, 1.46, 1.41, 1.28, 0.96, 0.14, 0.35, 0.18, 0.82, 0.76, 0.14, -55.70, 0.12, 230.00, 0.50, -53.19, 0.90
78488, 0, 0.50, 0.50, -2.48, 0.13, 113.15, 0.38, 1.32, 52.80, 0.01, 1.15, 0.96, 0.54, 1.41, 1.32, 1.30, 0.14, 0.31, 0.18, 0.82, 0.83, 0.37, -55.85, 0.12, 230.00, 0.50, -53.18, 0.90
78579, 0, 0.50, 0.50, -2.49, 0.26, 113.25, 0.38, 1.32, 52.80, 0.01, 1.15, 1.15, 0.86, 1.41, 1.42, 1.11, 0.14, 0.28, 0.16, 0.82, 0.80, 0.26, -55.84, 0.12, 230.00, 0.50, -53.20, 0.90
78587, 0, 0.50, 0.50, -2.07, 0.34, 113.38, 0.39, 1.32, 52.80, 0.01, 1.15, 1.41, 0.68, 1.41, 1.72, 0.56, 0.14, 0.28, 0.16, 0.82, 0.77, 0.21, -55.86, 0.11, 230.00, 0.50, -53.28, 0.90
78596, 0, 0.50, 0.50, -2.47, 0.13, 113.67, 0.39, 1.32, 52.80, 0.01, 1.15, 1.08, 0.53, 1.41, 1.27, 0.68, 0.14, 0.28, 0.18, 0.82, 0.89, 0.42, -55.96, 0.11, 230.00, 0.50, -53.39, 0.90
78612, 0, 0.50, 0.50, -2.21, 0.13, 113.88, 0.39, 1.32, 52.80, 0.01, 1.15, 0.97, 0.44, 1.41, 1.14, 0.88, 0.14, 0.31, 0.18, 0.82, 0.82, 0.35, -56.08, 0.11, 230.00, 0.50, -53.64, 0.90
78621, 0, 0.50, 0.50, -2.28, 0.07, 114.15, 0.39, 1.32, 52.80, 0.01, 1.15, 1.21, 1.07, 1.41, 1.46, 0.88, 0.14, 0.31, 0.18, 0.82, 0.96, 0.51, -56.37, 0.11, 230.00, 0.50, -53.82, 0.90
78635, 0, 0.50, 0.50, -2.13, 0.05, 114.22, 0.39, 1.32, 52.80, 0.01, 1.15, 1.08, 1.16, 1.41, 1.21, 0.63, 0.14, 0.30, 0.16, 0.82, 0.76, 0.37, -56.58, 0.11, 230.00, 0.50, -54.05, 0.90
78648, 0, 0.50, 0.50, -2.24, -0.16, 114.33, 0.39, 1.32, 52.80, 0.01, 1.15, 1.06, 1.74, 1.41, 1.15, 0.67, 0.14, 0.30, 0.16, 0.82, 0.73, 0.42, -56.85, 0.11, 230.00, 0.50, -54.11, 0.90
78661, 0, 0.50, 0.50, -2.42, -0.34, 114.48, 0.38, 1.32, 52.80, 0.01, 1.15, 1.14, 0.60, 1.41, 1.08, 0.68, 0.14, 0.30, 0.16, 0.82, 0.90, 0.56, -56.92, 0.12, 230.00, 0.50, -54.21, 0.90
78675, 0, 0.50, 0.50, -2.51, -0.42, 114.28, 0.38, 1.32, 52.80, 0.01, 1.15, 1.10, 1.40, 1.41, 1.20, 0.95, 0.14, 0.28, 0.14, 0.82, 0.75, 0.12, -57.04, 0.12, 230.00, 0.50, -54.34, 0.90
78688, 0, 0.50, 0.50, -2.42, -0.43, 113.98, 0.37, 1.32, 52.80, 0.01, 1.15, 1.13, 0.58, 1.41, 1.24, 0.56, 0.14, 0.27, 0.14, 0.82, 0.83, 0.33, -57.19, 0.13, 230.00, 0.50, -54.16, 0.90
78701, 0, 0.50, 0.50, -2.57, -0.39, 113.58, 0.37, 1.32, 52.80, 0.01, 1.15, 0.97, 1.33, 1.41, 1.25, 1.49, 0.14, 0.27, 0.14, 0.82, 0.80, 0.28, -56.98, 0.13, 230.00, 0.50, -53.91, 0.90
78715, 0, 0.50, 0.50, -2.49, -0.41, 113.31, 0.36, 1.32, 52.80, 0.01, 1.15, 0.94, 0.33, 1.41, 1.20, 0.49, 0.14, 0.27, 0.12, 0.82, 0.90, 0.44, -56.68, 0.14, 230.00, 0.50, -53.57, 0.90
78728, 0, 0.50, 0.50, -2.70, -0.42, 113.11, 0.36, 1.32, 52.80, 0.01, 1.15, 0.89, 1.93, 1.41, 1.28, 1.53, 0.14, 0.27, 0.14, 0.82, 0.85, 0.40, -56.29, 0.14, 230.00, 0.50, -53.34, 0.90
78741, 0, 0.50, 0.50, -2.33, -0.40, 112.79, 0.35, 1.32, 52.80, 0.01, 1.15, 1.10, 1.18, 1.41, 1.44, 1.49, 0.14, 0.27, 0.12, 0.82, 0.75, 0.30, -56.02, 0.15, 230.00, 0.50, -53.17, 0.90
78755, 0, 0.50, 0.50, -2.47, -0.38, 112.58, 0.35, 1.32, 52.80, 0.01, 1.15, 1.14, 1.23, 1.41, 1.28, 0.72, 0.14, 0.25, 0.12, 0.82, 0.96, 0.51, -55.82, 0.15, 230.00, 0.50, -52.90, 0.90
78768, 0, 0.50, 0.50, -2.35, -0.36, 112.39, 0.34, 1.32, 52.80, 0.01, 1.15, 1.03, 0.63, 1.41, 1.21, 0.67, 0.14, 0.24, 0.14, 0.82, 0.83, 0.42, -55.50, 0.16, 230.00, 0.50, -52.72, 0.90
78781, 0, 0.50, 0.50, -2.25, -0.34, 112.26, 0.34, 1.32, 52.80, 0.01, 1.15, 0.96, 1.53, 1.41, 1.31, 1.65, 0.14, 0.23, 0.14, 0.82, 0.76, 0.23, -55.29, 0.16, 230.00, 0.50, -52.56, 0.90
78795, 0, 0.50, 0.50, -2.29, -0.32, 112.27, 0.33, 1.32, 52.80, 0.01, 1.15, 1.01, 0.53, 1.41, 1.48, 1.44, 0.14, 0.23, 0.14, 0.82, 0.86, 0.37, -55.09, 0.17, 230.00, 0.50, -52.46, 0.90
78808, 0, 0.50, 0.50, -2.22, -0.35, 112.31, 0.33, 1.32, 52.80, 0.01, 1.15, 1.07, 1.16, 1.41, 1.27, 1.00, 0.14, 0.24, 0.12, 0.82, 0.80, 0.58, -54.97, 0.17, 230.00, 0.50, -52.46, 0.90
78821, 0, 0.50, 0.50, -2.01, -0.27, 112.41, 0.32, 1.32, 52.80, 0.01, 1.15, 0.94, 0.93, 1.41, 1.23, 0.35, 0.14, 0.24, 0.14, 0.82, 0.83, 0.49, -54.98, 0.18, 230.00, 0.50, -52.49, 0.90
78835, 0, 0.50, 0.50, -2.24, -0.18, 112.71, 0.32, 1.32, 52.80, 0.01, 1.15, 0.99, 1.05, 1.41, 1.15, 0.67, 0.14, 0.25, 0.14, 0.82, 0.80, 0.49, -55.01, 0.18, 230.00, 0.50, -52.58, 0.90
78848, 0, 0.50, 0.50, -2.09, -0.39, 112.95, 0.32, 1.32, 52.80, 0.01, 1.15, 1.00, 1.00, 1.41, 1.10, 0.61, 0.14, 0.27, 0.18, 0.82, 0.82, 0.30, -55.11, 0.18, 230.00, 0.50, -52.84, 0.90
78861, 0, 0.50, 0.50, -2.09, -0.46, 113.15, 0.31, 1.32, 52.80, 0.01, 1.15, 1.07, 0.84, 1.41, 1.17, 0.74, 0.14, 0.30, 0.18, 0.82, 0.82, 0.28, -55.42, 0.19, 230.00, 0.50, -53.04, 0.90
78889, 0, 0.50, 0.50, -2.13, -0.47, 113.07, 0.30, 1.32, 52.80, 0.01, 1.15, 1.06, 1.65, 1.41, 1.30, 1.46, 0.14, 0.31, 0.18, 0.82, 0.76, 0.18, -55.66, 0.20, 230.00, 0.50, -53.21, 0.90
78901, 0, 0.50, 0.50, -2.33, -0.37, 113.02, 0.30, 1.32, 52.80, 0.01, 1.15, 1.10, 0.67, 1.41, 1.34, 1.39, 0.14, 0.31, 0.18, 0.82, 0.85, 0.51, -55.86, 0.20, 230.00, 0.50, -53.14, 0.90
78916, 0, 0.50, 0.50, -2.10, -0.17, 112.85, 0.30, 1.32, 52.80, 0.01, 1.15, 0.99, 1.04, 1.41, 1.31, 0.54, 0.14, 0.30, 0.18, 0.82, 0.72, 0.58, -55.77, 0.20, 230.00, 0.50, -53.10, 0.90
78928, 0, 0.50, 0.50, -2.17, -0.09, 112.77, 0.30, 1.32, 52.80, 0.01, 1.15, 1.08, 1.35, 1.41, 1.25, 0.68, 0.14, 0.30, 0.16, 0.82, 0.75, 0.16, -55.72, 0.20, 230.00, 0.50, -52.95, 0.90
78941, 0, 0.50, 0.50, -2.25, -0.23, 112.80, 0.29, 1.32, 52.80, 0.01, 1.15, 1.14, 1.23, 1.41, 1.23, 0.93, 0.14, 0.28, 0.18, 0.82, 0.75, 0.33, -55.55, 0.21, 230.00, 0.50, -52.89, 0.90
78955, 0, 0.50, 0.50, -2.23, -0.07, 112.76, 0.29, 1.32, 52.80, 0.01, 1.15, 1.10, 0.60, 1.41, 1.35, 1.67, 0.14, 0.28, 0.16, 0.82, 0.79, 0.53, -55.47, 0.21, 230.00, 0.50, -52.91, 0.90
78968, 0, 0.50, 0.50, -2.22, -0.10, 112.76, 0.29, 1.32, 52.80, 0.01, 1.15, 1.00, 1.51, 1.41, 1.48, 1.65, 0.14, 0.28, 0.16, 0.82, 0.77, 0.19, -55.51, 0.21, 230.00, 0.50, -52.88, 0.90
78981, 0, 0.50, 0.50, -2.19, -0.12, 112.80, 0.29, 1.32, 52.80, 0.01, 1.15, 1.13, 1.14, 1.41, 1.51, 1.39, 0.14, 0.28, 0.16, 0.82, 0.90, 0.47, -55.46, 0.21, 230.00, 0.50, -52.88, 0.90
78995, 0, 0.50, 0.50, -2.05, -0.05, 112.95, 0.29, 1.32, 52.80, 0.01, 1.15, 1.01, 0.60, 1.41, 1.45, 0.72, 0.14, 0.30, 0.18, 0.82, 0.77, 0.21, -55.47, 0.21, 230.00, 0.50, -52.91, 0.90
79008, 0, 0.50, 0.50, -2.16, -0.03, 113.19, 0.29, 1.32, 52.80, 0.01, 1.15, 1.06, 0.82, 1.41, 1.39, 0.68, 0.14, 0.30, 0.16, 0.82, 0.90, 0.44, -55.50, 0.21, 230.00, 0.50, -53.04, 0.90
79021, 0, 0.50, 0.50, -2.07, -0.00, 113.43, 0.29, 1.32, 52.80, 0.01, 1.15, 0.92, 1.58, 1.41, 1.39, 0.77, 0.14, 0.30, 0.16, 0.82, 0.77, 0.18, -55.65, 0.21, 230.00, 0.50, -53.24, 0.90
79035, 0, 0.50, 0.50, -2.29, 0.13, 113.86, 0.29, 1.32, 52.80, 0.01, 1.15, 1.11, 1.11, 1.41, 1.51, 1.51, 0.14, 0.30, 0.16, 0.82, 0.83, 0.44, -55.89, 0.21, 230.00, 0.50, -53.45, 0.90
79048, 0, 0.50, 0.50, -2.39, 0.08, 114.18, 0.29, 1.32, 52.80, 0.01, 1.15, 1.04, 0.53, 1.41, 1.42, 0.72, 0.14, 0.30, 0.16, 0.82, 0.87, 0.47, -56.14, 0.21, 230.00, 0.50, -53.81, 0.90
79061, 0, 0.50, 0.50, -2.38, 0.15, 114.49, 0.29, 1.32, 52.80, 0.01, 1.15, 1.07, 1.30, 1.41, 1.46, 1.02, 0.14, 0.28, 0.16, 0.82, 0.80, 0.32, -56.56, 0.21, 230.00, 0.50, -54.09, 0.90
79075, 0, 0.50, 0.50, -2.37, 0.23, 114.91, 0.30, 1.32, 52.80, 0.01, 1.15, 0.96, 1.86, 1.41, 1.44, 0.56, 0.14, 0.27, 0.14, 0.82, 0.77, 0.39, -56.89, 0.20, 230.00, 0.50, -54.36, 0.90
79088, 0, 0.50, 0.50, -2.32, 0.28, 115.34, 0.30, 1.32, 52.80, 0.01, 1.15, 1.08, 0.65, 1.41, 1.44, 1.02, 0.14, 0.25, 0.14, 0.82, 0.89, 0.42, -57.19, 0.20, 230.00, 0.50, -54.72, 0.90
79165, 0, 0.50, 0.50, -2.35, 0.27, 115.74, 0.30, 1.32, 52.80, 0.01, 1.15, 1.20, 1.05, 1.41, 1.42, 1.21, 0.14, 0.28, 0.18, 0.82, 0.77, 0.35, -57.62, 0.20, 230.00, 0.50, -55.09, 0.90
79174, 0, 0.50, 0.50, -2.24, 0.30, 116.15, 0.31, 1.32, 52.80, 0.01, 1.15, 1.23, 0.93, 1.41, 1.44, 1.33, 0.14, 0.28, 0.18, 0.82, 0.83, 0.39, -58.04, 0.19, 230.00, 0.50, -55.44, 0.90
79182, 0, 0.50, 0.50, -2.14, 0.32, 116.53, 0.31, 1.32, 52.80, 0.01, 1.15, 1.37, 0.51, 1.41, 1.62, 0.81, 0.14, 0.28, 0.18, 0.82, 0.82, 0.42, -58.44, 0.19, 230.00, 0.50, -55.80, 0.90
79195, 0, 0.50, 0.50, -2.13, 0.31, 116.88, 0.31, 1.32, 52.80, 0.01, 1.15, 0.92, 0.30, 1.41, 1.24, 0.33, 0.14, 0.28, 0.18, 0.82, 0.90, 0.60, -58.85, 0.19, 230.00, 0.50, -56.13, 0.90
79208, 0, 0.50, 0.50, -2.32, -0.02, 117.35, 0.31, 1.32, 52.80, 0.01, 1.15, 0.97, 1.30, 1.41, 1.34, 1.58, 0.14, 0.30, 0.16, 0.82, 0.79, 0.39, -59.23, 0.19, 230.00, 0.50, -56.44, 0.90
79221, 0, 0.50, 0.50, -2.17, -0.17, 117.72, 0.31, 1.32, 52.80, 0.01, 1.15, 1.07, 1.49, 1.41, 1.44, 1.04, 0.14, 0.30, 0.16, 0.82, 0.85, 0.53, -59.59, 0.19, 230.00, 0.50, -56.86, 0.90
79248, 0, 0.50, 0.50, -2.51, -0.27, 118.18, 0.31, 1.32, 52.80, 0.01, 1.15, 1.14, 1.30, 1.41, 1.48, 1.23, 0.14, 0.25, 0.14, 0.82, 0.85, 0.60, -60.06, 0.19, 230.00, 0.50, -57.19, 0.90
79261, 0, 0.50, 0.50, -2.50, -0.15, 118.49, 0.31, 1.32, 52.80, 0.01, 1.15, 1.14, 1.40, 1.41, 1.46, 0.56, 0.14, 0.25, 0.14, 0.82, 0.83, 0.40, -60.43, 0.19, 230.00, 0.50, -57.60, 0.90
79275, 0, 0.50, 0.50, -2.74, -0.05, 118.49, 0.31, 1.32, 52.80, 0.01, 1.15, 1.11, 0.61, 1.41, 1.41, 0.46, 0.14, 0.24, 0.12, 0.82, 0.82, 0.46, -60.89, 0.19, 230.00, 0.50, -57.87, 0.90
79290, 0, 0.50, 0.50, -2.64, -0.14, 118.26, 0.30, 1.32, 52.80, 0.01, 1.15, 1.00, 1.88, 1.41, 1.38, 0.65, 0.14, 0.23, 0.11, 0.82, 0.89, 0.60, -61.19, 0.20, 230.00, 0.50, -57.87, 0.90
79301, 0, 0.50, 0.50, -2.60, -0.23, 118.13, 0.30, 1.32, 52.80, 0.01, 1.15, 1.06, 0.96, 1.41, 1.34, 0.88, 0.14, 0.21, 0.09, 0.82, 0.93, 0.61, -61.19, 0.20, 230.00, 0.50, -57.67, 0.90
79315, 0, 0.50, 0.50, -2.45, -0.17, 118.04, 0.30, 1.32, 52.80, 0.01, 1.15, 1.04, 2.12, 1.41, 1.30, 1.30, 0.14, 0.20, 0.11, 0.82, 0.79, 0.44, -60.97, 0.20, 230.00, 0.50, -57.55, 0.90
79328, 0, 0.50, 0.50, -2.40, -0.10, 118.04, 0.30, 1.32, 52.80, 0.01, 1.15, 1.20, 0.95, 1.41, 1.37, 1.04, 0.14, 0.20, 0.09, 0.82, 0.90, 0.49, -60.84, 0.20, 230.00, 0.50, -57.47, 0.90
79341, 0, 0.50, 0.50, -2.48, -0.20, 117.98, 0.29, 1.32, 52.80, 0.01, 1.15, 1.14, 0.93, 1.41, 1.31, 0.40, 0.14, 0.18, 0.09, 0.82, 0.80, 0.58, -60.74, 0.21, 230.00, 0.50, -57.47, 0.90
79355, 0, 0.50, 0.50, -2.47, -0.12, 117.86, 0.29, 1.32, 52.80, 0.01, 1.15, 1.11, 1.23, 1.41, 1.21, 0.65, 0.14, 0.18, 0.11, 0.82, 0.79, 0.56, -60.74, 0.21, 230.00, 0.50, -57.42, 0.90
79368, 0, 0.50, 0.50, -2.72, -0.45, 117.73, 0.29, 1.32, 52.80, 0.01, 1.15, 1.07, 0.53, 1.41, 1.30, 1.12, 0.14, 0.18, 0.12, 0.82, 0.75, 0.47, -60.69, 0.21, 230.00, 0.50, -57.31, 0.90
79381, 0, 0.50, 0.50, -2.38, -0.47, 117.39, 0.28, 1.32, 52.80, 0.01, 1.15, 0.99, 1.56, 1.41, 1.42, 1.68, 0.14, 0.18, 0.11, 0.82, 0.90, 0.49, -60.56, 0.22, 230.00, 0.50, -57.19, 0.90
79395, 0, 0.50, 0.50, -2.25, -0.30, 117.37, 0.28, 1.32, 52.80, 0.01, 1.15, 1.01, 0.44, 1.41, 1.24, 0.65, 0.14, 0.20, 0.11, 0.82, 0.79, 0.58, -60.43, 0.22, 230.00, 0.50, -56.90, 0.90
79408, 0, 0.50, 0.50, -2.27, -0.51, 117.62, 0.27, 1.32, 52.80, 0.01, 1.15, 0.97, 1.09, 1.41, 1.20, 0.56, 0.14, 0.21, 0.14, 0.82, 0.79, 0.49, -60.09, 0.23, 230.00, 0.50, -56.88, 0.90
79421, 0, 0.50, 0.50, -2.37, -0.44, 117.88, 0.26, 1.32, 52.80, 0.01, 1.15, 0.99, 1.21, 1.41, 1.21, 0.67, 0.14, 0.21, 0.14, 0.82, 0.92, 0.49, -60.08, 0.24, 230.00, 0.50, -57.11, 0.90
79435, 0, 0.50, 0.50, -2.48, -0.65, 118.03, 0.26, 1.32, 52.80, 0.01, 1.15, 1.04, 1.07, 1.41, 1.20, 0.33, 0.14, 0.23, 0.14, 0.82, 0.86, 0.53, -60.33, 0.24, 230.00, 0.50, -57.33, 0.90
79448, 0, 0.50, 0.50, -2.55, -0.64, 117.91, 0.25, 1.32, 52.80, 0.01, 1.15, 1.03, 0.58, 1.41, 1.18, 0.79, 0.14, 0.23, 0.14, 0.82, 0.80, 0.58, -60.59, 0.25, 230.00, 0.50, -57.46, 0.90
79461, 0, 0.50, 0.50, -2.55, -0.56, 117.71, 0.24, 1.32, 52.80, 0.01, 1.15, 0.97, 0.79, 1.41, 1.18, 0.70, 0.14, 0.23, 0.12, 0.82, 0.80, 0.49, -60.73, 0.26, 230.00, 0.50, -57.36, 0.90
79475, 0, 0.50, 0.50, -2.76, -0.76, 117.58, 0.23, 1.32, 52.80, 0.01, 1.15, 1.00, 1.65, 1.41, 1.17, 0.46, 0.14, 0.23, 0.12, 0.82, 0.79, 0.54, -60.61, 0.27, 230.00, 0.50, -57.18, 0.90
79488, 0, 0.50, 0.50, -2.65, -0.79, 117.21, 0.22, 1.32, 52.80, 0.01, 1.15, 1.13, 1.30, 1.41, 1.30, 1.39, 0.14, 0.23, 0.12, 0.82, 0.75, 0.53, -60.41, 0.28, 230.00, 0.50, -57.06, 0.90
79501, 0, 0.50, 0.50, -2.46, -0.55, 116.82, 0.21, 1.32, 52.80, 0.01, 1.15, 1.18, 1.28, 1.41, 1.23, 0.44, 0.14, 0.23, 0.12, 0.82, 0.76, 0.53, -60.28, 0.29, 230.00, 0.50, -56.75, 0.90
79515, 0, 0.50, 0.50, -2.45, -0.48, 116.32, 0.21, 1.32, 52.80, 0.01, 1.15, 1.15, 0.89, 1.41, 1.25, 1.74, 0.14, 0.23, 0.12, 0.82, 0.73, 0.25, -59.92, 0.29, 230.00, 0.50, -56.41, 0.90
79528, 0, 0.50, 0.50, -2.35, -0.39, 115.85, 0.20, 1.32, 52.80, 0.01, 1.15, 1.15, 1.37, 1.41, 1.25, 0.68, 0.14, 0.24, 0.14, 0.82, 0.83, 0.39, -59.53, 0.30, 230.00, 0.50, -55.97, 0.90
79556, 0, 0.50, 0.50, -2.21, -0.18, 115.16, 0.20, 1.32, 52.80, 0.01, 1.15, 1.20, 1.16, 1.41, 1.39, 1.18, 0.14, 0.25, 0.14, 0.82, 0.80, 0.35, -59.02, 0.30, 230.00, 0.50, -55.56, 0.90
79568, 0, 0.50, 0.50, -2.28, -0.10, 114.52, 0.20, 1.32, 52.80, 0.01, 1.15, 1.17, 0.98, 1.41, 1.38, 1.26, 0.14, 0.25, 0.14, 0.82, 0.85, 0.42, -58.55, 0.30, 230.00, 0.50, -54.97, 0.90
79581, 0, 0.50, 0.50, -2.21, -0.14, 114.05, 0.19, 1.32, 52.80, 0.01, 1.15, 1.15, 0.37, 1.41, 1.45, 1.63, 0.14, 0.27, 0.16, 0.82, 0.99, 0.60, -57.87, 0.31, 230.00, 0.50, -54.43, 0.90
79595, 0, 0.50, 0.50, -2.13, 0.03, 113.93, 0.19, 1.32, 52.80, 0.01, 1.15, 1.04, 1.33, 1.41, 1.27, 0.84, 0.14, 0.30, 0.16, 0.82, 0.79, 0.39, -57.23, 0.31, 230.00, 0.50, -54.02, 0.90
79608, 0, 0.50, 0.50, -2.07, -0.09, 114.05, 0.19, 1.32, 52.80, 0.01, 1.15, 1.14, 0.98, 1.41, 1.27, 0.75, 0.14, 0.30, 0.18, 0.82, 0.77, 0.33, -56.75, 0.31, 230.00, 0.50, -53.92, 0.90
79621, 0, 0.50, 0.50, -2.05, -0.10, 114.19, 0.19, 1.32, 52.80, 0.01, 1.15, 1.10, 0.75, 1.41, 1.23, 0.79, 0.14, 0.32, 0.16, 0.82, 0.76, 0.25, -56.63, 0.31, 230.00, 0.50, -54.02, 0.90
79635, 0, 0.50, 0.50, -2.21, -0.09, 114.57, 0.19, 1.32, 52.80, 0.01, 1.15, 1.15, 1.18, 1.41, 1.37, 1.74, 0.14, 0.32, 0.19, 0.82, 0.89, 0.44, -56.75, 0.31, 230.00, 0.50, -54.14, 0.90
79648, 0, 0.50, 0.50, -2.23, -0.03, 114.82, 0.19, 1.32, 52.80, 0.01, 1.15, 1.14, 0.82, 1.41, 1.32, 1.09, 0.14, 0.34, 0.19, 0.82, 0.73, 0.18, -56.90, 0.31, 230.00, 0.50, -54.47, 0.90
79661, 0, 0.50, 0.50, -1.96, -0.04, 115.23, 0.19, 1.32, 52.80, 0.01, 1.15, 1.21, 0.93, 1.41, 1.32, 0.96, 0.14, 0.34, 0.21, 0.82, 0.93, 0.46, -57.27, 0.31, 230.00, 0.50, -54.68, 0.90
79675, 0, 0.50, 0.50, -2.03, 0.06, 115.96, 0.19, 1.32, 52.80, 0.01, 1.15, 1.11, 0.39, 1.41, 1.28, 0.60, 0.14, 0.38, 0.23, 0.82, 0.83, 0.30, -57.52, 0.31, 230.00, 0.50, -55.04, 0.90
79688, 0, 0.50, 0.50, -2.03, 0.13, 116.67, 0.19, 1.32, 52.80, 0.01, 1.15, 0.97, 0.61, 1.41, 1.23, 0.56, 0.14, 0.39, 0.21, 0.82, 0.82, 0.61, -57.93, 0.31, 230.00, 0.50, -55.68, 0.90
79701, 0, 0.50, 0.50, -2.28, -0.03, 117.41, 0.19, 1.32, 52.80, 0.01, 1.15, 1.00, 0.47, 1.41, 1.23, 0.86, 0.14, 0.38, 0.23, 0.82, 0.79, 0.54, -58.67, 0.31, 230.00, 0.50, -56.30, 0.90
79779, 0, 0.50, 0.50, -2.39, 0.05, 118.25, 0.19, 1.32, 52.80, 0.01, 1.15, 1.18, 0.63, 1.41, 1.44, 1.40, 0.14, 0.39, 0.23, 0.82, 0.93, 0.28, -59.37, 0.31, 230.00, 0.50, -56.96, 0.90
79788, 0, 0.50, 0.50, -2.45, 0.04, 119.03, 0.19, 1.32, 52.80, 0.01, 1.15, 1.44, 0.63, 1.41, 1.37, 0.79, 0.14, 0.39, 0.23, 0.82, 0.93, 0.42, -60.12, 0.31, 230.00, 0.50, -57.71, 0.90
79799, 0, 0.50, 0.50, -2.36, 0.07, 119.94, 0.19, 1.32, 52.80, 0.01, 1.15, 1.59, 0.49, 1.41, 1.24, 1.56, 0.14, 0.44, 0.25, 0.82, 0.77, 0.40, -60.95, 0.31, 230.00, 0.50, -58.41, 0.90
79808, 0, 0.50, 0.50, -2.51, -0.01, 120.78, 0.19, 1.32, 52.80, 0.01, 1.15, 0.99, 0.46, 1.41, 1.66, 1.02, 0.14, 0.44, 0.26, 0.82, 0.92, 0.35, -61.73, 0.31, 230.00, 0.50, -59.23, 0.90
79821, 0, 0.50, 0.50, -2.22, -0.07, 121.20, 0.19, 1.32, 52.80, 0.01, 1.15, 1.00, 0.91, 1.41, 1.18, 1.63, 0.14, 0.41, 0.25, 0.82, 0.73, 0.39, -62.64, 0.31, 230.00, 0.50, -60.00, 0.90
79835, 0, 0.50, 0.50, -2.30, 0.08, 121.50, 0.19, 1.32, 52.80, 0.01, 1.15, 1.01, 1.14, 1.41, 1.32, 0.74, 0.14, 0.41, 0.26, 0.82, 0.85, 0.37, -63.48, 0.31, 230.00, 0.50, -60.39, 0.90
79848, 0, 0.50, 0.50, -2.21, 0.15, 121.73, 0.20, 1.32, 52.80, 0.01, 1.15, 1.01, 1.12, 1.41, 1.30, 0.88, 0.14, 0.44, 0.25, 0.82, 0.76, 0.14, -63.91, 0.30, 230.00, 0.50, -60.66, 0.90
79861, 0, 0.50, 0.50, -2.33, 0.12, 122.02, 0.20, 1.32, 52.80, 0.01, 1.15, 1.11, 1.16, 1.41, 1.30, 1.32, 0.14, 0.42, 0.25, 0.82, 0.85, 0.32, -64.21, 0.30, 230.00, 0.50, -60.87, 0.90
79875, 0, 0.50, 0.50, -2.32, 0.12, 122.01, 0.20, 1.32, 52.80, 0.01, 1.15, 1.13, 0.42, 1.41, 1.38, 1.12, 0.14, 0.45, 0.26, 0.82, 0.82, 0.32, -64.44, 0.30, 230.00, 0.50, -61.13, 0.90
79888, 0, 0.50, 0.50, -2.18, 0.29, 121.91, 0.20, 1.32, 52.80, 0.01, 1.15, 1.04, 1.49, 1.41, 1.23, 0.75, 0.14, 0.44, 0.23, 0.82, 0.94, 0.47, -64.72, 0.30, 230.00, 0.50, -61.13, 0.90
79901, 0, 0.50, 0.50, -2.32, 0.21, 121.95, 0.21, 1.32, 52.80, 0.01, 1.15, 1.13, 0.61, 1.41, 1.24, 0.86, 0.14, 0.44, 0.26, 0.82, 0.83, 0.39, -64.72, 0.29, 230.00, 0.50, -61.03, 0.90
79928, 0, 0.50, 0.50, -2.13, 0.32, 121.85, 0.21, 1.32, 52.80, 0.01, 1.15, 1.20, 0.88, 1.41, 1.45, 1.39, 0.14, 0.42, 0.25, 0.82, 0.80, 0.23, -64.61, 0.29, 230.00, 0.50, -61.07, 0.90
79941, 0, 0.50, 0.50, -2.15, 0.36, 121.88, 0.22, 1.32, 52.80, 0.01, 1.15, 1.11, 0.44, 1.41, 1.27, 0.89, 0.14, 0.41, 0.25, 0.82, 0.76, 0.16, -64.66, 0.28, 230.00, 0.50, -60.98, 0.90
79955, 0, 0.50, 0.50, -2.33, 0.19, 121.95, 0.22, 1.32, 52.80, 0.01, 1.15, 1.10, 1.16, 1.41, 1.31, 1.54, 0.14, 0.42, 0.25, 0.82, 0.96, 0.51, -64.55, 0.28, 230.00, 0.50, -61.00, 0.90
79970, 0, 0.50, 0.50, -2.25, 0.17, 121.99, 0.22, 1.32, 52.80, 0.01, 1.15, 1.10, 0.49, 1.41, 1.41, 1.79, 0.14, 0.42, 0.25, 0.82, 0.83, 0.32, -64.58, 0.28, 230.00, 0.50, -61.07, 0.90
79981, 0, 0.50, 0.50, -2.43, 0.23, 122.07, 0.22, 1.32, 52.80, 0.01, 1.15, 1.13, 0.35, 1.41, 1.32, 0.68, 0.14, 0.39, 0.25, 0.82, 0.96, 0.54, -64.65, 0.28, 230.00, 0.50, -61.11, 0.90
79995, 0, 0.50, 0.50, -2.48, 0.16, 122.34, 0.23, 1.32, 52.80, 0.01, 1.15, 0.97, 0.72, 1.41, 1.21, 0.44, 0.14, 0.41, 0.25, 0.82, 0.79, 0.40, -64.70, 0.27, 230.00, 0.50, -61.18, 0.90
80008, 0, 0.50, 0.50, -2.59, 0.06, 122.46, 0.23, 1.32, 52.80, 0.01, 1.15, 1.01, 0.75, 1.41, 1.20, 0.42, 0.14, 0.44, 0.25, 0.82, 0.79, 0.46, -64.77, 0.27, 230.00, 0.50, -61.42, 0.90
80021, 0, 0.50, 0.50, -2.40, -0.03, 122.39, 0.23, 1.32, 52.80, 0.01, 1.15, 0.97, 1.05, 1.41, 1.20, 0.60, 0.14, 0.41, 0.23, 0.82, 0.79, 0.23, -65.04, 0.27, 230.00, 0.50, -61.54, 0.90
80035, 0, 0.50, 0.50, -2.38, -0.10, 122.17, 0.22, 1.32, 52.80, 0.01, 1.15, 1.00, 0.32, 1.41, 1.21, 0.68, 0.14, 0.38, 0.23, 0.82, 0.79, 0.46, -65.16, 0.28, 230.00, 0.50, -61.47, 0.90
80048, 0, 0.50, 0.50, -2.28, -0.05, 121.91, 0.22, 1.32, 52.80, 0.01, 1.15, 0.99, 1.30, 1.41, 1.20, 0.58, 0.14, 0.37, 0.19, 0.82, 0.80, 0.26, -65.09, 0.28, 230.00, 0.50, -61.27, 0.90
80061, 0, 0.50, 0.50, -2.44, -0.23, 121.64, 0.22, 1.32, 52.80, 0.01, 1.15, 0.96, 0.32, 1.41, 1.20, 0.79, 0.14, 0.35, 0.21, 0.82, 0.83, 0.37, -64.87, 0.28, 230.00, 0.50, -61.03, 0.90
80075, 0, 0.50, 0.50, -2.43, -0.25, 121.12, 0.22, 1.32, 52.80, 0.01, 1.15, 0.97, 2.07, 1.41, 1.27, 1.02, 0.14, 0.34, 0.19, 0.82, 0.86, 0.54, -64.61, 0.28, 230.00, 0.50, -60.79, 0.90
80088, 0, 0.50, 0.50, -2.44, -0.15, 120.54, 0.22, 1.32, 52.80, 0.01, 1.15, 1.10, 1.46, 1.41, 1.34, 1.26, 0.14, 0.31, 0.16, 0.82, 0.76, 0.16, -64.34, 0.28, 230.00, 0.50, -60.32, 0.90
80101, 0, 0.50, 0.50, -2.50, -0.06, 119.88, 0.21, 1.32, 52.80, 0.01, 1.15, 1.13, 0.51, 1.41, 1.37, 0.60, 0.14, 0.28, 0.14, 0.82, 0.83, 0.46, -63.82, 0.29, 230.00, 0.50, -59.80, 0.90
80115, 0, 0.50, 0.50, -2.52, 0.03, 118.69, 0.21, 1.32, 52.80, 0.01, 1.15, 1.07, 1.95, 1.41, 1.39, 1.25, 0.14, 0.27, 0.12, 0.82, 0.85, 0.44, -63.24, 0.29, 230.00, 0.50, -59.21, 0.90
80128, 0, 0.50, 0.50, -2.48, 0.01, 117.45, 0.21, 1.32, 52.80, 0.01, 1.15, 1.13, 0.46, 1.41, 1.34, 0.63, 0.14, 0.25, 0.14, 0.82, 0.83, 0.35, -62.58, 0.29, 230.00, 0.50, -58.17, 0.90
80141, 0, 0.50, 0.50, -2.54, -0.00, 116.13, 0.21, 1.32, 52.80, 0.01, 1.15, 1.06, 1.53, 1.41, 1.37, 1.60, 0.14, 0.24, 0.14, 0.82, 0.83, 0.54, -61.40, 0.29, 230.00, 0.50, -57.08, 0.90
80155, 0, 0.50, 0.50, -2.43, -0.05, 115.10, 0.21, 1.32, 52.80, 0.01, 1.15, 1.13, 0.60, 1.41, 1.42, 1.61, 0.14, 0.24, 0.14, 0.82, 0.92, 0.51, -60.15, 0.29, 230.00, 0.50, -55.94, 0.90
80168, 0, 0.50, 0.50, -2.29, 0.02, 114.36, 0.21, 1.32, 52.80, 0.01, 1.15, 1.10, 1.07, 1.41, 1.31, 0.75, 0.14, 0.24, 0.14, 0.82, 0.83, 0.44, -58.83, 0.29, 230.00, 0.50, -55.06, 0.90
80181, 0, 0.50, 0.50, -2.29, 0.09, 113.80, 0.22, 1.32, 52.80, 0.01, 1.15, 1.15, 0.93, 1.41, 1.28, 1.21, 0.14, 0.24, 0.14, 0.82, 0.80, 0.40, -57.80, 0.28, 230.00, 0.50, -54.43, 0.90
80195, 0, 0.50, 0.50, -2.18, -0.00, 113.82, 0.22, 1.32, 52.80, 0.01, 1.15, 1.20, 1.14, 1.41, 1.32, 1.37, 0.14, 0.27, 0.16, 0.82, 0.87, 0.46, -57.06, 0.28, 230.00, 0.50, -53.95, 0.90
80208, 0, 0.50, 0.50, -2.23, -0.07, 114.10, 0.21, 1.32, 52.80, 0.01, 1.15, 1.18, 0.75, 1.41, 1.39, 1.07, 0.14, 0.27, 0.16, 0.82, 0.79, 0.26, -56.50, 0.29, 230.00, 0.50, -53.97, 0.90
80236, 0, 0.50, 0.50, -2.48, -0.34, 114.45, 0.21, 1.32, 52.80, 0.01, 1.15, 1.15, 0.95, 1.41, 1.30, 1.58, 0.14, 0.28, 0.18, 0.82, 0.85, 0.46, -56.53, 0.29, 230.00, 0.50, -54.21, 0.90
80248, 0, 0.50, 0.50, -2.13, -0.07, 114.37, 0.21, 1.32, 52.80, 0.01, 1.15, 1.06, 0.33, 1.41, 1.23, 0.72, 0.14, 0.28, 0.18, 0.82, 0.90, 0.60, -56.80, 0.29, 230.00, 0.50, -54.51, 0.90
80261, 0, 0.50, 0.50, -2.18, 0.00, 114.55, 0.21, 1.32, 52.80, 0.01, 1.15, 1.00, 1.32, 1.41, 1.18, 0.68, 0.14, 0.28, 0.18, 0.82, 0.82, 0.44, -57.15, 0.29, 230.00, 0.50, -54.44, 0.90
80276, 0, 0.50, 0.50, -2.05, -0.07, 114.43, 0.21, 1.32, 52.80, 0.01, 1.15, 0.97, 0.82, 1.41, 1.17, 0.39, 0.14, 0.28, 0.16, 0.82, 0.79, 0.56, -57.07, 0.29, 230.00, 0.50, -54.59, 0.90
80288, 0, 0.50, 0.50, -2.39, -0.29, 114.38, 0.20, 1.32, 52.80, 0.01, 1.15, 0.97, 1.28, 1.41, 1.23, 0.77, 0.14, 0.27, 0.16, 0.82, 0.80, 0.53, -57.25, 0.30, 230.00, 0.50, -54.49, 0.90
80301, 0, 0.50, 0.50, -2.26, -0.25, 114.11, 0.20, 1.32, 52.80, 0.01, 1.15, 1.03, 1.09, 1.41, 1.15, 0.46, 0.14, 0.27, 0.16, 0.82, 0.82, 0.46, -57.13, 0.30, 230.00, 0.50, -54.45, 0.90
80378, 0, 0.50, 0.50, -2.25, -0.34, 113.72, 0.20, 1.32, 52.80, 0.01, 1.15, 1.20, 0.91, 1.41, 1.45, 0.81, 0.14, 0.21, 0.12, 0.82, 0.85, 0.49, -57.09, 0.30, 230.00, 0.50, -54.22, 0.90
80387, 0, 0.50, 0.50, -2.14, -0.06, 113.21, 0.20, 1.32, 52.80, 0.01, 1.15, 1.20, 0.98, 1.41, 1.92, 0.81, 0.14, 0.21, 0.12, 0.82, 0.94, 0.54, -56.81, 0.30, 230.00, 0.50, -53.89, 0.90
80395, 0, 0.50, 0.50, -2.13, -0.01, 112.86, 0.20, 1.32, 52.80, 0.01, 1.15, 1.27, 0.68, 1.41, 1.15, 1.02, 0.14, 0.21, 0.11, 0.82, 0.75, 0.54, -56.42, 0.30, 230.00, 0.50, -53.45, 0.90
80408, 0, 0.50, 0.50, -2.30, -0.32, 112.61, 0.19, 1.32, 52.80, 0.01, 1.15, 1.04, 0.58, 1.41, 1.31, 1.32, 0.14, 0.21, 0.14, 0.82, 0.93, 0.60, -55.91, 0.31, 230.00, 0.50, -53.16, 0.90
80421, 0, 0.50, 0.50, -2.02, -0.24, 112.25, 0.19, 1.32, 52.80, 0.01, 1.15, 1.10, 1.25, 1.41, 1.39, 1.33, 0.14, 0.21, 0.12, 0.82, 0.90, 0.54, -55.57, 0.31, 230.00, 0.50, -52.95, 0.90
80435, 0, 0.50, 0.50, -1.95, -0.07, 112.04, 0.19, 1.32, 52.80, 0.01, 1.15, 1.13, 1.05, 1.41, 1.42, 0.65, 0.14, 0.23, 0.14, 0.82, 0.85, 0.63, -55.31, 0.31, 230.00, 0.50, -52.65, 0.90
80448, 0, 0.50, 0.50, -1.84, -0.09, 111.90, 0.19, 1.32, 52.80, 0.01, 1.15, 1.15, 1.39, 1.41, 1.34, 1.35, 0.14, 0.23, 0.14, 0.82, 0.79, 0.61, -54.96, 0.31, 230.00, 0.50, -52.47, 0.90
80461, 0, 0.50, 0.50, -1.98, -0.23, 112.04, 0.18, 1.32, 52.80, 0.01, 1.15, 1.20, 1.12, 1.41, 1.30, 0.49, 0.14, 0.24, 0.16, 0.82, 0.77, 0.58, -54.75, 0.32, 230.00, 0.50, -52.35, 0.90
80475, 0, 0.50, 0.50, -1.81, 0.02, 112.31, 0.18, 1.32, 52.80, 0.01, 1.15, 1.18, 0.79, 1.41, 1.20, 0.44, 0.14, 0.27, 0.18, 0.82, 0.80, 0.51, -54.60, 0.32, 230.00, 0.50, -52.47, 0.90
80488, 0, 0.50, 0.50, -1.92, -0.07, 112.71, 0.18, 1.32, 52.80, 0.01, 1.15, 1.15, 0.35, 1.41, 1.34, 1.51, 0.14, 0.30, 0.18, 0.82, 0.80, 0.53, -54.74, 0.32, 230.00, 0.50, -52.70, 0.90
80501, 0, 0.50, 0.50, -1.81, -0.04, 113.05, 0.18, 1.32, 52.80, 0.01, 1.15, 1.08, 0.70, 1.41, 1.35, 0.88, 0.14, 0.30, 0.18, 0.82, 0.75, 0.23, -55.01, 0.32, 230.00, 0.50, -53.04, 0.90
80515, 0, 0.50, 0.50, -1.85, -0.16, 113.63, 0.18, 1.32, 52.80, 0.01, 1.15, 1.08, 1.35, 1.41, 1.27, 0.67, 0.14, 0.31, 0.18, 0.82, 0.75, 0.26, -55.42, 0.32, 230.00, 0.50, -53.33, 0.90
80528, 0, 0.50, 0.50, -1.98, -0.25, 114.39, 0.18, 1.32, 52.80, 0.01, 1.15, 1.13, 0.65, 1.41, 1.31, 1.26, 0.14, 0.32, 0.18, 0.82, 0.87, 0.44, -55.75, 0.32, 230.00, 0.50, -53.82, 0.90
80541, 0, 0.50, 0.50, -1.88, -0.09, 115.06, 0.18, 1.32, 52.80, 0.01, 1.15, 1.11, 0.88, 1.41, 1.31, 0.81, 0.14, 0.32, 0.19, 0.82, 0.76, 0.16, -56.33, 0.32, 230.00, 0.50, -54.48, 0.90
80555, 0, 0.50, 0.50, -2.10, -0.15, 115.84, 0.17, 1.32, 52.80, 0.01, 1.15, 1.03, 0.30, 1.41, 1.25, 0.63, 0.14, 0.32, 0.19, 0.82, 0.83, 0.42, -57.09, 0.33, 230.00, 0.50, -55.06, 0.90
80568, 0, 0.50, 0.50, -2.28, -0.32, 116.62, 0.17, 1.32, 52.80, 0.01, 1.15, 0.96, 0.82, 1.41, 1.24, 0.84, 0.14, 0.34, 0.21, 0.82, 0.83, 0.49, -57.76, 0.33, 230.00, 0.50, -55.74, 0.90
80581, 0, 0.50, 0.50, -2.27, -0.20, 117.27, 0.17, 1.32, 52.80, 0.01, 1.15, 0.96, 0.42, 1.41, 1.25, 0.60, 0.14, 0.34, 0.19, 0.82, 0.89, 0.54, -58.54, 0.33, 230.00, 0.50, -56.44, 0.90
80608, 0, 0.50, 0.50, -2.24, -0.45, 117.90, 0.16, 1.32, 52.80, 0.01, 1.15, 1.06, 1.53, 1.41, 1.32, 1.39, 0.14, 0.32, 0.21, 0.82, 0.85, 0.12, -59.33, 0.34, 230.00, 0.50, -57.01, 0.90
80621, 0, 0.50, 0.50, -2.22, -0.41, 118.29, 0.15, 1.32, 52.80, 0.01, 1.15, 1.11, 0.32, 1.41, 1.44, 1.56, 0.14, 0.32, 0.19, 0.82, 0.83, 0.53, -59.98, 0.35, 230.00, 0.50, -57.56, 0.90
80635, 0, 0.50, 0.50, -2.14, -0.20, 118.32, 0.15, 1.32, 52.80, 0.01, 1.15, 1.00, 0.39, 1.41, 1.28, 0.74, 0.14, 0.31, 0.18, 0.82, 0.87, 0.58, -60.60, 0.35, 230.00, 0.50, -57.91, 0.90
80650, 0, 0.50, 0.50, -2.04, -0.34, 118.58, 0.15, 1.32, 52.80, 0.01, 1.15, 1.01, 1.42, 1.41, 1.15, 0.88, 0.14, 0.30, 0.19, 0.82, 0.73, 0.54, -60.99, 0.35, 230.00, 0.50, -57.94, 0.90
80661, 0, 0.50, 0.50, -2.18, -0.52, 119.05, 0.14, 1.32, 52.80, 0.01, 1.15, 1.23, 1.09, 1.41, 1.28, 1.39, 0.14, 0.31, 0.18, 0.82, 0.73, 0.26, -61.03, 0.36, 230.00, 0.50, -58.17, 0.90
80675, 0, 0.50, 0.50, -2.22, -0.25, 119.01, 0.14, 1.32, 52.80, 0.01, 1.15, 0.97, 0.21, 1.41, 1.27, 0.60, 0.14, 0.31, 0.18, 0.82, 0.75, 0.30, -61.29, 0.36, 230.00, 0.50, -58.59, 0.90
80688, 0, 0.50, 0.50, -2.45, -0.41, 118.95, 0.13, 1.32, 52.80, 0.01, 1.15, 1.03, 1.82, 1.41, 1.25, 1.14, 0.14, 0.30, 0.18, 0.82, 0.79, 0.53, -61.76, 0.37, 230.00, 0.50, -58.55, 0.90
80701, 0, 0.50, 0.50, -2.47, -0.47, 118.84, 0.13, 1.32, 52.80, 0.01, 1.15, 1.13, 1.58, 1.41, 1.41, 1.42, 0.14, 0.28, 0.18, 0.82, 0.86, 0.49, -61.71, 0.37, 230.00, 0.50, -58.50, 0.90
80715, 0, 0.50, 0.50, -2.65, -0.21, 118.67, 0.12, 1.32, 52.80, 0.01, 1.15, 1.21, 0.89, 1.41, 1.34, 0.56, 0.14, 0.28, 0.16, 0.82, 0.75, 0.44, -61.66, 0.38, 230.00, 0.50, -58.40, 0.90
80728, 0, 0.50, 0.50, -2.55, -0.24, 118.43, 0.12, 1.32, 52.80, 0.01, 1.15, 1.17, 0.89, 1.41, 1.20, 0.70, 0.14, 0.28, 0.16, 0.82, 0.86, 0.54, -61.55, 0.38, 230.00, 0.50, -58.25, 0.90
80741, 0, 0.50, 0.50, -2.60, -0.43, 118.31, 0.11, 1.32, 52.80, 0.01, 1.15, 1.15, 0.86, 1.41, 1.27, 1.47, 0.14, 0.28, 0.18, 0.82, 0.76, 0.32, -61.37, 0.39, 230.00, 0.50, -58.04, 0.90
80755, 0, 0.50, 0.50, -2.39, -0.13, 117.87, 0.11, 1.32, 52.80, 0.01, 1.15, 1.14, 0.96, 1.41, 1.15, 0.65, 0.14, 0.31, 0.16, 0.82, 0.77, 0.19, -61.13, 0.39, 230.00, 0.50, -57.93, 0.90
80768, 0, 0.50, 0.50, -2.66, -0.56, 117.51, 0.10, 1.32, 52.80, 0.01, 1.15, 1.15, 0.88, 1.41, 1.25, 1.07, 0.14, 0.32, 0.18, 0.82, 1.08, 0.54, -61.01, 0.40, 230.00, 0.50, -57.54, 0.90
80781, 0, 0.50, 0.50, -2.65, -0.41, 116.85, 0.10, 1.32, 52.80, 0.01, 1.15, 1.15, 1.14, 1.41, 1.21, 0.77, 0.14, 0.31, 0.16, 0.82, 0.92, 0.54, -60.57, 0.40, 230.00, 0.50, -57.23, 0.90
80795, 0, 0.50, 0.50, -2.69, -0.35, 116.25, 0.09, 1.32, 52.80, 0.01, 1.15, 1.21, 0.98, 1.41, 1.11, 0.68, 0.14, 0.30, 0.16, 0.82, 0.80, 0.53, -60.21, 0.41, 230.00, 0.50, -56.66, 0.90
80808, 0, 0.50, 0.50, -2.65, -0.55, 115.42, 0.09, 1.32, 52.80, 0.01, 1.15, 1.10, 1.05, 1.41, 1.15, 0.54, 0.14, 0.30, 0.16, 0.82, 0.93, 0.49, -59.56, 0.41, 230.00, 0.50, -56.13, 0.90
80821, 0, 0.50, 0.50, -2.69, -0.79, 114.34, 0.08, 1.32, 52.80, 0.01, 1.15, 1.15, 1.07, 1.41, 1.17, 0.77, 0.14, 0.28, 0.16, 0.82, 0.75, 0.51, -58.95, 0.42, 230.00, 0.50, -55.42, 0.90
80835, 0, 0.50, 0.50, -2.54, -0.50, 112.74, 0.07, 1.32, 52.80, 0.01, 1.15, 1.15, 1.04, 1.41, 1.20, 0.68, 0.14, 0.27, 0.16, 0.82, 0.83, 0.49, -58.12, 0.43, 230.00, 0.50, -54.51, 0.90
80848, 0, 0.50, 0.50, -2.62, -0.45, 111.10, 0.06, 1.32, 52.80, 0.01, 1.15, 1.14, 1.32, 1.41, 1.11, 0.53, 0.14, 0.25, 0.12, 0.82, 0.79, 0.39, -57.04, 0.44, 230.00, 0.50, -53.18, 0.90
80861, 0, 0.50, 0.50, -2.78, -0.73, 109.39, 0.05, 1.32, 52.80, 0.01, 1.15, 1.03, 0.53, 1.41, 1.14, 1.07, 0.14, 0.24, 0.11, 0.82, 0.96, 0.61, -55.44, 0.45, 230.00, 0.50, -51.83, 0.90
80875, 0, 0.50, 0.50, -2.53, -0.67, 106.95, 0.05, 1.32, 52.80, 0.01, 1.15, 0.97, 1.18, 1.41, 1.21, 0.79, 0.14, 0.23, 0.11, 0.82, 0.79, 0.61, -53.81, 0.45, 230.00, 0.50, -50.46, 0.90
80888, 0, 0.50, 0.50, -2.47, -0.64, 104.91, 0.04, 1.32, 52.80, 0.01, 1.15, 1.01, 1.12, 1.41, 1.21, 0.70, 0.14, 0.21, 0.09, 0.82, 0.92, 0.53, -52.09, 0.46, 230.00, 0.50, -48.54, 0.90
80977, 0, 0.50, 0.50, -2.21, -0.44, 103.31, 0.03, 1.32, 52.80, 0.01, 1.15, 1.20, 0.98, 1.41, 1.39, 0.84, 0.14, 0.15, 0.11, 0.82, 0.75, 0.39, -49.65, 0.47, 230.00, 0.50, -46.96, 0.90
80986, 0, 0.50, 0.50, -2.11, -0.24, 102.47, 0.03, 1.32, 52.80, 0.01, 1.15, 1.66, 0.79, 1.41, 1.68, 0.74, 0.14, 0.17, 0.09, 0.82, 0.77, 0.28, -47.61, 0.47, 230.00, 0.50, -45.73, 0.90
80995, 0, 0.50, 0.50, -1.99, -0.46, 102.22, 0.02, 1.32, 52.80, 0.01, 1.15, 1.31, 0.37, 1.41, 1.51, 0.39, 0.14, 0.18, 0.14, 0.82, 0.77, 0.44, -46.01, 0.48, 230.00, 0.50, -45.08, 0.90
81009, 0, 0.50, 0.50, -1.69, -0.30, 102.14, 0.02, 1.32, 52.80, 0.01, 1.15, 0.86, 1.49, 1.41, 1.24, 1.47, 0.14, 0.20, 0.14, 0.82, 0.79, 0.44, -45.17, 0.48, 230.00, 0.50, -44.89, 0.90
81021, 0, 0.50, 0.50, -1.97, -0.30, 102.24, 0.01, 1.32, 52.80, 0.01, 1.15, 1.48, 0.67, 1.41, 1.34, 0.58, 0.14, 0.21, 0.12, 0.82, 0.82, 0.39, -44.92, 0.49, 230.00, 0.50, -44.83, 0.90
81035, 0, 0.50, 0.50, -1.85, -0.44, 102.27, 0.01, 1.32, 52.80, 0.01, 1.15, 0.85, 1.86, 1.41, 1.32, 1.79, 0.14, 0.21, 0.12, 0.82, 0.90, 0.54, -44.84, 0.49, 230.00, 0.50, -44.91, 0.90
81048, 0, 0.50, 0.50, -1.82, -0.51, 102.54, 0.00, 1.32, 52.80, 0.01, 1.15, 1.10, 1.33, 1.41, 1.38, 1.37, 0.14, 0.23, 0.12, 0.82, 0.80, 0.32, -44.94, 0.50, 230.00, 0.50, -44.93, 0.90
81061, 0, 0.50, 0.50, -1.95, -0.35, 102.88, -0.00, 1.32, 52.80, 0.01, 1.15, 1.10, 0.49, 1.41, 1.30, 0.47, 0.14, 0.24, 0.14, 0.82, 1.00, 0.53, -44.97, 0.50, 230.00, 0.50, -45.14, 0.90
81075, 0, 0.50, 0.50, -1.97, -0.25, 103.18, -0.01, 1.32, 52.80, 0.01, 1.15, 1.01, 1.98, 1.41, 1.18, 0.79, 0.14, 0.25, 0.14, 0.82, 0.85, 0.51, -45.24, 0.51, 230.00, 0.50, -45.40, 0.90
81088, 0, 0.50, 0.50, -2.07, -0.39, 103.46, -0.01, 1.32, 52.80, 0.01, 1.15, 1.13, 1.25, 1.41, 1.24, 1.61, 0.14, 0.25, 0.16, 0.82, 0.79, 0.49, -45.58, 0.51, 230.00, 0.50, -45.64, 0.90
81101, 0, 0.50, 0.50, -2.02, -0.20, 103.46, -0.01, 1.32, 52.80, 0.01, 1.15, 1.07, 0.60, 1.41, 1.32, 0.95, 0.14, 0.27, 0.14, 0.82, 0.82, 0.33, -45.89, 0.51, 230.00, 0.50, -45.85, 0.90
81115, 0, 0.50, 0.50, -2.08, -0.19, 103.53, -0.02, 1.32, 52.80, 0.01, 1.15, 1.00, 1.56, 1.41, 1.32, 0.77, 0.14, 0.28, 0.16, 0.82, 0.77, 0.37, -46.16, 0.52, 230.00, 0.50, -45.85, 0.90
81128, 0, 0.50, 0.50, -1.99, -0.16, 103.60, -0.02, 1.32, 52.80, 0.01, 1.15, 1.07, 1.18, 1.41, 1.25, 0.54, 0.14, 0.27, 0.16, 0.82, 0.83, 0.28, -46.16, 0.52, 230.00, 0.50, -45.91, 0.90
81141, 0, 0.50, 0.50, -2.02, -0.11, 103.77, -0.02, 1.32, 52.80, 0.01, 1.15, 1.24, 1.54, 1.41, 1.24, 0.93, 0.14, 0.27, 0.16, 0.82, 0.76, 0.33, -46.23, 0.52, 230.00, 0.50, -45.96, 0.90
81155, 0, 0.50, 0.50, -1.98, -0.10, 103.95, -0.02, 1.32, 52.80, 0.01, 1.15, 1.11, 0.70, 1.41, 1.18, 0.53, 0.14, 0.27, 0.16, 0.82, 0.93, 0.47, -46.31, 0.52, 230.00, 0.50, -46.09, 0.90
81168, 0, 0.50, 0.50, -2.02, -0.09, 104.14, -0.02, 1.32, 52.80, 0.01, 1.15, 0.97, 0.19, 1.41, 1.21, 1.60, 0.14, 0.27, 0.16, 0.82, 0.79, 0.58, -46.47, 0.52, 230.00, 0.50, -46.23, 0.90
81181, 0, 0.50, 0.50, -1.87, -0.05, 104.22, -0.02, 1.32, 52.80, 0.01, 1.15, 0.92, 1.49, 1.41, 1.23, 0.70, 0.14, 0.25, 0.14, 0.82, 0.82, 0.40, -46.65, 0.52, 230.00, 0.50, -46.38, 0.90
81195, 0, 0.50, 0.50, -2.02, -0.07, 104.58, -0.03, 1.32, 52.80, 0.01, 1.15, 1.03, 0.70, 1.41, 1.17, 0.60, 0.14, 0.25, 0.14, 0.82, 0.86, 0.51, -46.84, 0.53, 230.00, 0.50, -46.44, 0.90
81208, 0, 0.50, 0.50, -2.03, -0.18, 104.99, -0.03, 1.32, 52.80, 0.01, 1.15, 0.96, 0.75, 1.41, 1.20, 1.04, 0.14, 0.27, 0.16, 0.82, 0.82, 0.49, -46.92, 0.53, 230.00, 0.50, -46.73, 0.90
81221, 0, 0.50, 0.50, -1.89, -0.12, 105.29, -0.03, 1.32, 52.80, 0.01, 1.15, 1.01, 1.14, 1.41, 1.23, 0.93, 0.14, 0.27, 0.16, 0.82, 0.80, 0.51, -47.29, 0.53, 230.00, 0.50, -47.05, 0.90
81235, 0, 0.50, 0.50, -1.74, -0.09, 105.52, -0.03, 1.32, 52.80, 0.01, 1.15, 1.03, 0.67, 1.41, 1.18, 0.67, 0.14, 0.27, 0.14, 0.82, 0.79, 0.26, -47.69, 0.53, 230.00, 0.50, -47.29, 0.90
81248, 0, 0.50, 0.50, -1.85, -0.26, 105.93, -0.03, 1.32, 52.80, 0.01, 1.15, 1.07, 1.68, 1.41, 1.13, 0.46, 0.14, 0.25, 0.18, 0.82, 0.82, 0.44, -47.99, 0.53, 230.00, 0.50, -47.47, 0.90
81275, 0, 0.50, 0.50, -1.91, -0.29, 106.11, -0.04, 1.32, 52.80, 0.01, 1.15, 1.14, 1.25, 1.41, 1.25, 1.95, 0.14, 0.28, 0.18, 0.82, 0.82, 0.25, -48.22, 0.54, 230.00, 0.50, -47.80, 0.90
81288, 0, 0.50, 0.50, -1.93, -0.19, 106.26, -0.04, 1.32, 52.80, 0.01, 1.15, 1.17, 0.42, 1.41, 1.32, 1.26, 0.14, 0.30, 0.16, 0.82, 0.80, 0.18, -48.63, 0.54, 230.00, 0.50, -47.95, 0.90
81301, 0, 0.50, 0.50, -2.11, -0.16, 106.43, -0.04, 1.32, 52.80, 0.01, 1.15, 1.08, 0.81, 1.41, 1.35, 0.96, 0.14, 0.31, 0.18, 0.82, 0.89, 0.40, -48.82, 0.54, 230.00, 0.50, -48.07, 0.90
81317, 0, 0.50, 0.50, -2.09, -0.11, 106.70, -0.04, 1.32, 52.80, 0.01, 1.15, 1.15, 1.16, 1.41, 1.25, 0.84, 0.14, 0.30, 0.19, 0.82, 0.85, 0.25, -48.97, 0.54, 230.00, 0.50, -48.20, 0.90
81328, 0, 0.50, 0.50, -2.17, -0.11, 107.07, -0.05, 1.32, 52.80, 0.01, 1.15, 1.15, 0.81, 1.41, 1.38, 1.51, 0.14, 0.32, 0.19, 0.82, 0.85, 0.37, -49.13, 0.55, 230.00, 0.50, -48.42, 0.90
81341, 0, 0.50, 0.50, -2.02, -0.10, 107.43, -0.05, 1.32, 52.80, 0.01, 1.15, 1.14, 0.53, 1.41, 1.48, 1.47, 0.14, 0.37, 0.23, 0.82, 0.94, 0.49, -49.41, 0.55, 230.00, 0.50, -48.72, 0.90
81355, 0, 0.50, 0.50, -2.10, -0.09, 107.95, -0.05, 1.32, 52.80, 0.01, 1.15, 1.06, 1.39, 1.41, 1.54, 1.44, 0.14, 0.38, 0.21, 0.82, 0.79, 0.16, -49.78, 0.55, 230.00, 0.50, -49.01, 0.90
81368, 0, 0.50, 0.50, -2.14, -0.03, 108.46, -0.05, 1.32, 52.80, 0.01, 1.15, 1.08, 0.89, 1.41, 1.46, 1.00, 0.14, 0.39, 0.21, 0.82, 1.03, 0.54, -50.14, 0.55, 230.00, 0.50, -49.43, 0.90
81381, 0, 0.50, 0.50, -2.32, -0.08, 109.00, -0.05, 1.32, 52.80, 0.01, 1.15, 1.13, 1.14, 1.41, 1.45, 0.82, 0.14, 0.39, 0.23, 0.82, 0.86, 0.49, -50.65, 0.55, 230.00, 0.50, -49.84, 0.90
81395, 0, 0.50, 0.50, -2.40, -0.02, 109.52, -0.05, 1.32, 52.80, 0.01, 1.15, 1.08, 0.56, 1.41, 1.41, 0.81, 0.14, 0.39, 0.21, 0.82, 0.75, 0.28, -51.16, 0.55, 230.00, 0.50, -50.29, 0.90
81408, 0, 0.50, 0.50, -2.19, -0.07, 110.06, -0.05, 1.32, 52.80, 0.01, 1.15, 0.97, 1.70, 1.41, 1.44, 1.28, 0.14, 0.39, 0.23, 0.82, 0.73, 0.23, -51.70, 0.55, 230.00, 0.50, -50.72, 0.90
81421, 0, 0.50, 0.50, -2.22, -0.04, 110.70, -0.05, 1.32, 52.80, 0.01, 1.15, 1.13, 1.07, 1.41, 1.46, 1.07, 0.14, 0.37, 0.21, 0.82, 0.99, 0.51, -52.23, 0.55, 230.00, 0.50, -51.17, 0.90
81435, 0, 0.50, 0.50, -2.01, 0.03, 111.08, -0.05, 1.32, 52.80, 0.01, 1.15, 1.07, 0.51, 1.41, 1.44, 0.51, 0.14, 0.34, 0.19, 0.82, 0.75, 0.26, -52.76, 0.55, 230.00, 0.50, -51.70, 0.90
81448, 0, 0.50, 0.50, -1.94, 0.00, 111.50, -0.05, 1.32, 52.80, 0.01, 1.15, 0.93, 1.28, 1.41, 1.34, 0.47, 0.14, 0.31, 0.18, 0.82, 0.90, 0.49, -53.40, 0.55, 230.00, 0.50, -52.02, 0.90
81461, 0, 0.50, 0.50, -2.21, -0.03, 111.94, -0.05, 1.32, 52.80, 0.01, 1.15, 0.97, 1.04, 1.41, 1.21, 0.74, 0.14, 0.31, 0.18, 0.82, 0.79, 0.53, -53.78, 0.55, 230.00, 0.50, -52.37, 0.90
81475, 0, 0.50, 0.50, -2.41, -0.04, 112.30, -0.05, 1.32, 52.80, 0.01, 1.15, 0.99, 0.98, 1.41, 1.13, 0.30, 0.14, 0.30, 0.16, 0.82, 0.85, 0.47, -54.21, 0.55, 230.00, 0.50, -52.74, 0.90
81488, 0, 0.50, 0.50, -2.34, -0.17, 112.33, -0.05, 1.32, 52.80, 0.01, 1.15, 1.03, 0.46, 1.41, 1.15, 0.60, 0.14, 0.30, 0.18, 0.82, 0.79, 0.51, -54.64, 0.55, 230.00, 0.50, -53.04, 0.90
81501, 0, 0.50, 0.50, -2.20, -0.14, 112.25, -0.06, 1.32, 52.80, 0.01, 1.15, 0.99, 0.86, 1.41, 1.10, 0.61, 0.14, 0.30, 0.16, 0.82, 0.82, 0.21, -55.00, 0.56, 230.00, 0.50, -53.07, 0.90
81515, 0, 0.50, 0.50, -2.31, -0.38, 112.06, -0.06, 1.32, 52.80, 0.01, 1.15, 1.00, 0.86, 1.41, 1.13, 0.75, 0.14, 0.30, 0.18, 0.82, 0.79, 0.30, -55.03, 0.56, 230.00, 0.50, -53.00, 0.90
81528, 0, 0.50, 0.50, -2.43, -0.57, 111.66, -0.07, 1.32, 52.80, 0.01, 1.15, 0.99, 0.37, 1.41, 1.14, 0.39, 0.14, 0.30, 0.18, 0.82, 0.80, 0.44, -54.95, 0.57, 230.00, 0.50, -52.84, 0.90
81541, 0, 0.50, 0.50, -2.35, -0.53, 111.15, -0.08, 1.32, 52.80, 0.01, 1.15, 1.04, 1.39, 1.41, 1.10, 0.61, 0.14, 0.31, 0.19, 0.82, 0.80, 0.19, -54.76, 0.58, 230.00, 0.50, -52.51, 0.90
