-0.40,-0.39,-0.04,-0.40,-0.39,-0.04
-0.41,-0.38,-0.06,-0.40,-0.39,-0.04
-0.40,-0.39,-0.05,-0.40,-0.39,-0.04
-0.40,-0.39,-0.05,-0.40,-0.39,-0.04
-0.40,-0.38,-0.04,-0.40,-0.39,-0.04
-0.41,-0.36,-0.05,-0.40,-0.39,-0.04
-0.42,-0.39,-0.05,-0.40,-0.39,-0.04
-0.39,-0.39,-0.04,-0.40,-0.39,-0.04
-0.39,-0.39,-0.04,-0.40,-0.39,-0.04
-0.41,-0.40,-0.05,-0.40,-0.39,-0.04
-0.42,-0.37,-0.05,-0.40,-0.39,-0.04
-0.40,-0.40,-0.05,-0.40,-0.39,-0.04
-0.40,-0.40,-0.05,-0.40,-0.39,-0.04
-0.39,-0.39,-0.05,-0.40,-0.39,-0.04
-0.41,-0.39,-0.04,-0.40,-0.39,-0.04
-0.38,-0.40,-0.05,-0.40,-0.39,-0.04
-0.44,-0.41,-0.05,-0.40,-0.39,-0.04
-0.35,-0.38,-0.05,-0.40,-0.39,-0.04
-0.38,-0.42,-0.05,-0.40,-0.39,-0.04
-0.43,-0.41,-0.05,-0.40,-0.39,-0.04
-0.41,-0.37,-0.04,-0.40,-0.39,-0.04
-0.42,-0.40,-0.04,-0.40,-0.39,-0.04
-0.40,-0.37,-0.04,-0.40,-0.39,-0.04
-0.42,-0.39,-0.05,-0.40,-0.39,-0.04
-0.37,-0.40,-0.04,-0.40,-0.39,-0.04
-0.39,-0.39,-0.04,-0.40,-0.39,-0.04
-0.42,-0.41,-0.05,-0.40,-0.39,-0.04
-0.40,-0.40,-0.04,-0.40,-0.39,-0.04
-0.42,-0.39,-0.05,-0.40,-0.39,-0.04
-0.39,-0.41,-0.05,-0.40,-0.39,-0.04
-0.41,-0.39,-0.04,-0.40,-0.39,-0.04
-0.42,-0.39,-0.04,-0.40,-0.39,-0.04
-0.39,-0.39,-0.04,-0.40,-0.39,-0.04
-0.38,-0.40,-0.04,-0.40,-0.39,-0.04
-0.40,-0.39,-0.05,-0.40,-0.39,-0.04
-0.40,-0.40,-0.05,-0.40,-0.39,-0.04
-0.41,-0.39,-0.05,-0.40,-0.39,-0.04
-0.39,-0.40,-0.05,-0.40,-0.39,-0.04
-0.40,-0.39,-0.04,-0.40,-0.39,-0.04
-0.39,-0.39,-0.04,-0.40,-0.39,-0.04
-0.41,-0.39,-0.05,-0.40,-0.39,-0.04
-0.41,-0.40,-0.04,-0.40,-0.39,-0.04
-0.41,-0.39,-0.05,-0.40,-0.39,-0.04
-0.40,-0.40,-0.05,-0.40,-0.39,-0.04
-0.40,-0.41,-0.05,-0.40,-0.39,-0.04
-0.42,-0.40,-0.05,-0.40,-0.39,-0.04
-0.40,-0.39,-0.05,-0.40,-0.39,-0.04
-0.40,-0.39,-0.04,-0.40,-0.39,-0.04
-0.40,-0.40,-0.05,-0.40,-0.39,-0.04
-0.40,-0.40,-0.04,-0.40,-0.39,-0.04
-0.38,-0.38,-0.05,-0.40,-0.39,-0.04
-0.41,-0.40,-0.05,-0.40,-0.39,-0.04
-0.40,-0.38,-0.05,-0.40,-0.39,-0.04
-0.44,-0.42,-0.02,-0.40,-0.39,-0.04
-0.42,-0.41,-0.03,-0.40,-0.39,-0.04
-0.37,-0.31,-0.05,-0.40,-0.39,-0.04
-0.39,-0.41,-0.06,-0.40,-0.39,-0.04
-0.42,-0.40,-0.05,-0.40,-0.39,-0.04
-0.41,-0.36,-0.05,-0.40,-0.39,-0.04
-0.41,-0.41,-0.05,-0.40,-0.39,-0.04
-0.42,-0.41,-0.05,-0.40,-0.39,-0.04
-0.40,-0.35,-0.04,-0.40,-0.39,-0.04
-0.44,-0.44,-0.05,-0.40,-0.39,-0.04
-0.41,-0.39,-0.04,-0.40,-0.39,-0.04
-0.39,-0.40,-0.05,-0.40,-0.39,-0.04
-0.36,-0.39,-0.04,-0.40,-0.39,-0.04
-0.39,-0.35,-0.05,-0.40,-0.39,-0.04
-0.39,-0.44,-0.05,-0.40,-0.39,-0.04
-0.37,-0.38,-0.08,-0.40,-0.39,-0.04
-0.44,-0.38,-0.05,-0.40,-0.39,-0.04
-0.41,-0.41,-0.05,-0.40,-0.39,-0.04
-0.36,-0.43,-0.04,-0.40,-0.39,-0.04
-0.42,-0.38,-0.05,-0.40,-0.39,-0.04
-0.41,-0.42,-0.05,-0.40,-0.39,-0.04
-0.42,-0.39,-0.03,-0.40,-0.39,-0.04
-0.37,-0.39,-0.02,-0.40,-0.39,-0.04
-0.39,-0.38,-0.02,-0.40,-0.39,-0.04
-0.42,-0.41,-0.03,-0.40,-0.39,-0.04
-0.39,-0.40,-0.04,-0.40,-0.39,-0.04
-0.41,-0.42,-0.04,-0.40,-0.39,-0.04
-0.39,-0.40,-0.05,-0.40,-0.39,-0.04
-0.40,-0.40,-0.04,-0.40,-0.39,-0.04
-0.39,-0.41,-0.05,-0.40,-0.39,-0.04
-0.41,-0.38,-0.05,-0.40,-0.39,-0.04
-0.42,-0.38,-0.05,-0.40,-0.39,-0.04
-0.40,-0.38,-0.05,-0.40,-0.39,-0.04
-0.40,-0.38,-0.04,-0.40,-0.39,-0.04
-0.41,-0.42,-0.04,-0.40,-0.39,-0.04
-0.42,-0.35,-0.05,-0.40,-0.39,-0.04
-0.40,-0.42,-0.03,-0.40,-0.39,-0.04
-0.41,-0.40,-0.05,-0.40,-0.39,-0.04
-0.41,-0.38,-0.04,-0.40,-0.39,-0.04
-0.40,-0.40,-0.05,-0.40,-0.39,-0.04
-0.43,-0.44,-0.03,-0.40,-0.39,-0.04
-0.40,-0.37,-0.05,-0.40,-0.39,-0.04
-0.39,-0.40,-0.05,-0.40,-0.39,-0.04
-0.42,-0.41,-0.05,-0.40,-0.39,-0.04
-0.39,-0.39,-0.04,-0.40,-0.39,-0.04
-0.43,-0.38,-0.05,-0.40,-0.39,-0.04
-0.42,-0.42,-0.05,-0.40,-0.39,-0.04
-0.36,-0.34,-0.07,-0.40,-0.39,-0.04
-0.40,-0.43,-0.08,-0.40,-0.39,-0.04
-0.36,-0.39,-0.08,-0.40,-0.39,-0.04
-0.45,-0.43,-0.09,-0.40,-0.39,-0.04
-0.50,-0.46,-0.05,-0.40,-0.39,-0.04
-0.39,-0.40,-0.09,-0.40,-0.39,-0.04
-0.37,-0.41,-0.05,-0.40,-0.39,-0.04
-0.48,-0.30,-0.08,-0.40,-0.39,-0.04
-0.44,-0.31,-0.14,-0.40,-0.39,-0.04
-0.75,-0.30,-0.35,-0.41,-0.39,-0.04
-0.61,-0.23,-0.56,-0.41,-0.39,-0.05
-0.75,-0.29,-0.69,-0.41,-0.39,-0.05
-0.31,-0.29,-0.63,-0.41,-0.39,-0.05
-0.42,-0.41,-0.46,-0.41,-0.39,-0.05
-0.62,-0.40,-0.41,-0.41,-0.39,-0.05
-0.33,-0.50,-0.37,-0.41,-0.39,-0.05
-0.27,-0.61,-0.23,-0.41,-0.39,-0.05
-0.28,-0.56,-0.05,-0.41,-0.40,-0.05
-0.39,-0.55,0.06,-0.41,-0.40,-0.05
-0.42,-0.59,0.08,-0.41,-0.40,-0.05
-0.35,-0.56,0.16,-0.41,-0.40,-0.05
-0.29,-0.63,0.19,-0.41,-0.41,-0.05
-0.32,-0.62,0.25,-0.40,-0.41,-0.05
-0.25,-0.67,0.30,-0.40,-0.42,-0.05
-0.23,-0.67,0.31,-0.40,-0.42,-0.05
-0.31,-0.70,0.37,-0.40,-0.43,-0.04
-0.32,-0.71,0.41,-0.39,-0.44,-0.04
-0.37,-0.62,0.40,-0.39,-0.44,-0.04
-0.34,-0.58,0.38,-0.39,-0.45,-0.04
-0.30,-0.60,0.33,-0.39,-0.45,-0.04
-0.32,-0.51,0.21,-0.39,-0.46,-0.03
-0.33,-0.56,0.13,-0.39,-0.46,-0.03
-0.20,-0.58,0.03,-0.38,-0.47,-0.03
-0.25,-0.53,0.02,-0.38,-0.47,-0.03
-0.23,-0.56,-0.06,-0.38,-0.47,-0.03
-0.11,-0.56,-0.09,-0.37,-0.48,-0.03
-0.19,-0.50,-0.08,-0.36,-0.48,-0.03
-0.14,-0.46,-0.11,-0.35,-0.48,-0.03
-0.12,-0.37,-0.08,-0.35,-0.47,-0.03
-0.17,-0.36,-0.11,-0.34,-0.47,-0.03
-0.15,-0.33,-0.12,-0.33,-0.46,-0.04
-0.15,-0.31,-0.08,-0.32,-0.46,-0.04
-0.15,-0.35,-0.08,-0.32,-0.45,-0.04
-0.18,-0.33,-0.04,-0.31,-0.45,-0.04
-0.17,-0.36,-0.04,-0.30,-0.44,-0.04
-0.12,-0.36,-0.01,-0.29,-0.44,-0.04
-0.13,-0.40,0.00,-0.28,-0.44,-0.04
-0.16,-0.38,-0.02,-0.28,-0.43,-0.04
-0.10,-0.36,0.00,-0.27,-0.43,-0.04
-0.18,-0.36,-0.03,-0.26,-0.43,-0.04
-0.12,-0.40,0.01,-0.25,-0.43,-0.04
-0.17,-0.39,0.03,-0.25,-0.43,-0.03
-0.20,-0.33,0.05,-0.25,-0.42,-0.03
-0.18,-0.37,0.03,-0.24,-0.42,-0.03
-0.18,-0.28,0.03,-0.24,-0.41,-0.03
-0.14,-0.18,0.02,-0.23,-0.40,-0.03
-0.17,-0.15,-0.10,-0.23,-0.39,-0.03
-0.19,0.09,-0.21,-0.23,-0.37,-0.03
-0.16,0.35,-0.33,-0.23,-0.33,-0.04
-0.18,0.71,-0.38,-0.22,-0.25,-0.04
-0.25,1.01,-0.46,-0.22,-0.11,-0.04
-0.20,1.23,-0.48,-0.22,0.10,-0.04
-0.03,1.55,-0.39,-0.21,0.41,-0.05
-0.04,1.81,-0.31,-0.21,0.80,-0.05
-0.00,2.01,-0.39,-0.20,1.21,-0.05
0.18,2.40,-0.28,-0.18,1.64,-0.05
0.23,2.71,-0.30,-0.15,2.04,-0.06
-0.06,3.18,-0.37,-0.14,2.47,-0.06
-0.23,3.48,-0.27,-0.15,2.86,-0.06
-0.02,3.94,-0.07,-0.14,3.26,-0.06
0.10,4.29,0.06,-0.13,3.65,-0.06
-0.02,4.68,0.13,-0.12,4.03,-0.06
-0.06,5.09,0.18,-0.11,4.43,-0.06
-0.24,5.61,0.14,-0.12,4.87,-0.05
-0.26,5.92,0.18,-0.13,5.27,-0.05
-0.37,6.25,0.33,-0.15,5.64,-0.05
-0.41,6.36,0.51,-0.17,5.91,-0.04
-0.34,6.65,0.62,-0.18,6.16,-0.03
-0.31,6.94,0.69,-0.19,6.42,-0.03
-0.06,7.68,0.72,-0.18,6.82,-0.02
-0.12,7.67,0.79,-0.18,7.12,-0.00
-0.19,7.35,0.53,-0.18,7.20,0.00
-0.17,7.40,0.20,-0.18,7.25,0.01
-0.20,7.43,-0.13,-0.18,7.30,0.00
-0.20,7.37,-0.42,-0.18,7.31,-0.00
-0.34,7.38,-0.63,-0.19,7.32,-0.01
-0.19,7.26,-0.94,-0.19,7.31,-0.03
0.03,7.08,-1.08,-0.18,7.28,-0.05
0.02,6.97,-1.04,-0.16,7.24,-0.08
0.02,6.69,-0.82,-0.15,7.16,-0.09
-0.15,6.57,-0.48,-0.15,7.07,-0.10
0.18,6.14,-0.48,-0.13,6.92,-0.12
0.12,5.89,-0.59,-0.12,6.71,-0.13
-0.12,5.58,-0.52,-0.12,6.43,-0.14
-0.05,5.18,-0.37,-0.11,6.07,-0.15
-0.01,4.82,-0.29,-0.11,5.66,-0.15
-0.05,4.50,-0.18,-0.10,5.24,-0.15
-0.01,4.20,-0.17,-0.10,4.85,-0.15
-0.04,3.97,-0.11,-0.09,4.53,-0.15
-0.18,3.52,0.03,-0.10,4.17,-0.15
0.08,3.18,-0.02,-0.09,3.81,-0.14
-0.03,2.90,0.15,-0.08,3.49,-0.14
0.11,2.67,0.30,-0.07,3.20,-0.12
0.08,2.38,0.43,-0.06,2.92,-0.11
0.18,1.99,0.40,-0.05,2.61,-0.09
0.26,1.86,0.29,-0.03,2.36,-0.08
0.15,1.71,0.06,-0.01,2.15,-0.07
0.03,1.47,-0.08,-0.01,1.94,-0.07
0.12,1.26,-0.18,-0.00,1.74,-0.08
0.30,1.04,-0.23,0.02,1.53,-0.08
0.26,0.97,-0.24,0.04,1.37,-0.09
0.28,0.83,-0.21,0.06,1.22,-0.09
0.31,0.75,-0.10,0.08,1.10,-0.09
0.31,0.75,0.02,0.10,1.01,-0.09
0.31,0.68,0.05,0.12,0.93,-0.08
0.28,0.64,0.05,0.13,0.87,-0.08
0.36,0.61,0.05,0.15,0.82,-0.08
0.31,0.51,0.05,0.17,0.76,-0.07
0.32,0.46,0.02,0.18,0.71,-0.07
0.28,0.30,-0.04,0.19,0.64,-0.07
0.26,0.25,-0.02,0.20,0.57,-0.07
0.13,0.25,-0.01,0.19,0.51,-0.07
0.04,0.20,-0.05,0.18,0.46,-0.07
-0.09,0.16,0.01,0.16,0.41,-0.06
0.00,0.11,-0.05,0.14,0.36,-0.06
-0.02,0.00,-0.07,0.13,0.30,-0.06
-0.05,-0.04,0.00,0.12,0.25,-0.06
-0.13,-0.06,0.07,0.09,0.20,-0.06
-0.03,0.00,0.19,0.08,0.17,-0.05
-0.14,0.14,0.23,0.06,0.16,-0.05
-0.17,0.38,0.29,0.04,0.19,-0.04
-0.08,0.55,0.27,0.03,0.24,-0.03
-0.05,0.83,0.11,0.03,0.32,-0.03
-0.13,1.19,-0.04,0.01,0.45,-0.03
-0.07,1.57,-0.18,0.01,0.66,-0.03
-0.20,1.92,-0.16,-0.01,0.95,-0.04
-0.17,2.52,-0.14,-0.03,1.40,-0.04
-0.37,2.98,-0.24,-0.05,1.96,-0.04
-0.28,3.31,-0.29,-0.07,2.50,-0.05
-0.35,3.90,-0.16,-0.10,3.08,-0.05
-0.30,4.14,0.00,-0.12,3.53,-0.05
-0.14,4.58,0.45,-0.12,3.96,-0.04
-0.40,5.06,1.11,-0.15,4.39,-0.01
-0.20,5.47,1.30,-0.15,4.81,0.03
-0.30,5.99,1.46,-0.16,5.26,0.07
-0.26,6.50,1.74,-0.17,5.75,0.13
-0.71,6.82,2.13,-0.22,6.18,0.22
-0.53,7.06,2.20,-0.25,6.52,0.32
-0.24,7.16,2.25,-0.25,6.76,0.45
0.11,7.61,2.29,-0.21,7.04,0.58
0.04,7.81,2.52,-0.19,7.30,0.75
0.18,8.21,2.95,-0.15,7.59,0.97
0.32,8.33,3.11,-0.10,7.83,1.22
0.34,8.47,2.66,-0.04,8.03,1.41
0.54,8.68,1.88,0.04,8.23,1.47
0.51,8.85,1.35,0.11,8.41,1.46
0.77,9.04,0.89,0.21,8.59,1.39
0.73,8.87,0.40,0.31,8.67,1.28
0.56,9.01,0.13,0.36,8.75,1.15
0.82,9.16,-0.30,0.44,8.84,0.99
0.85,8.87,-1.29,0.51,8.85,0.71
0.81,9.06,-2.36,0.57,8.89,0.28
0.53,9.15,-2.69,0.56,8.93,-0.21
0.70,8.95,-2.76,0.58,8.94,-0.70
0.73,8.81,-2.70,0.61,8.92,-1.12
0.54,8.63,-1.95,0.60,8.88,-1.29
0.19,8.23,-1.49,0.55,8.79,-1.33
0.11,8.14,-1.62,0.49,8.69,-1.38
0.02,7.79,-1.51,0.43,8.54,-1.40
0.16,7.21,-1.44,0.39,8.26,-1.40
0.05,6.86,-1.25,0.34,7.89,-1.38
0.35,6.25,-1.01,0.34,7.36,-1.35
0.00,5.62,-0.55,0.29,6.69,-1.27
-0.19,5.08,-0.13,0.23,6.00,-1.15
0.10,4.90,0.20,0.21,5.50,-1.01
-0.50,4.53,0.55,0.11,5.09,-0.84
-0.17,3.95,0.79,0.07,4.64,-0.64
-0.35,3.50,1.07,0.00,4.19,-0.42
-0.58,3.13,0.91,-0.09,3.77,-0.24
-0.25,2.80,0.88,-0.12,3.40,-0.08
-0.49,2.40,1.02,-0.18,3.03,0.07
-0.24,2.16,0.85,-0.19,2.71,0.18
0.01,2.03,0.69,-0.16,2.47,0.25
-0.20,1.80,0.64,-0.17,2.24,0.30
-0.04,1.68,0.53,-0.15,2.07,0.33
-0.01,1.59,0.51,-0.13,1.93,0.35
0.07,1.41,0.43,-0.11,1.79,0.35
0.20,1.25,0.25,-0.08,1.65,0.34
0.12,1.09,0.28,-0.05,1.51,0.34
0.24,0.92,0.21,-0.02,1.36,0.33
0.20,0.89,0.15,0.01,1.24,0.32
0.15,0.76,0.14,0.02,1.13,0.30
0.28,0.49,0.05,0.05,0.98,0.29
0.16,0.36,0.15,0.07,0.83,0.28
0.14,0.21,0.18,0.07,0.68,0.27
0.21,0.08,0.15,0.09,0.53,0.27
0.16,0.05,0.19,0.09,0.41,0.26
0.22,-0.07,0.14,0.11,0.29,0.25
0.14,-0.18,0.12,0.11,0.18,0.25
0.14,-0.27,0.08,0.11,0.08,0.24
0.26,-0.38,0.04,0.12,-0.02,0.23
0.25,-0.35,0.07,0.13,-0.10,0.22
0.21,-0.36,0.11,0.14,-0.15,0.22
0.25,-0.44,0.09,0.15,-0.21,0.21
0.18,-0.39,0.11,0.15,-0.24,0.20
0.16,-0.36,0.10,0.15,-0.26,0.20
0.19,-0.32,0.04,0.15,-0.27,0.19
0.20,-0.20,0.06,0.16,-0.26,0.19
0.28,-0.09,0.05,0.16,-0.24,0.18
0.28,0.06,0.11,0.17,-0.20,0.18
0.14,0.27,0.16,0.17,-0.15,0.18
0.25,0.74,-0.18,0.17,-0.03,0.17
0.24,1.43,-0.39,0.18,0.22,0.14
0.03,2.41,-0.41,0.17,0.73,0.12
0.01,3.38,-0.27,0.16,1.64,0.11
-0.08,4.16,0.05,0.15,2.81,0.10
-0.18,5.04,0.53,0.12,3.99,0.12
-0.14,5.37,1.01,0.11,4.74,0.16
0.02,5.90,1.57,0.10,5.32,0.22
-0.21,6.63,2.32,0.08,5.91,0.32
-0.24,6.90,3.05,0.05,6.34,0.49
-0.12,7.20,3.75,0.04,6.69,0.74
-0.13,7.41,4.26,0.02,6.96,1.10
0.05,7.56,4.40,0.03,7.17,1.54
0.44,7.86,4.34,0.06,7.39,2.00
0.21,8.12,4.12,0.07,7.61,2.40
0.36,8.12,3.83,0.10,7.77,2.68
0.50,8.17,3.75,0.14,7.88,2.88
0.52,8.08,3.43,0.18,7.93,2.98
0.35,7.92,2.62,0.20,7.93,2.92
0.52,7.74,1.47,0.23,7.89,2.71
0.83,7.84,0.38,0.30,7.88,2.36
1.03,7.87,-0.74,0.39,7.88,1.84
0.72,8.08,-1.69,0.45,7.91,1.16
0.77,8.31,-2.74,0.50,7.96,0.28
0.86,8.42,-3.86,0.55,8.02,-0.80
0.67,8.10,-4.70,0.57,8.03,-1.94
0.91,8.28,-4.90,0.62,8.06,-2.87
0.39,8.09,-4.85,0.59,8.07,-3.48
0.44,8.00,-4.88,0.57,8.06,-3.87
0.19,8.08,-4.63,0.51,8.06,-4.06
0.23,7.83,-4.06,0.47,8.04,-4.06
0.10,7.88,-3.55,0.42,8.02,-3.97
0.11,7.39,-2.90,0.38,7.96,-3.80
-0.05,7.43,-2.37,0.32,7.90,-3.57
-0.35,7.23,-2.29,0.21,7.81,-3.37
0.17,6.40,-2.10,0.21,7.59,-3.17
-0.20,5.89,-1.93,0.14,7.22,-2.97
-0.11,5.07,-1.89,0.10,6.57,-2.80
-0.09,4.28,-1.39,0.08,5.66,-2.59
-0.35,3.63,-0.97,0.01,4.69,-2.34
-0.32,2.99,-0.72,-0.04,3.83,-2.08
-0.55,2.27,-0.59,-0.12,3.05,-1.83
-0.52,1.74,-0.48,-0.18,2.41,-1.61
-0.57,1.33,-0.27,-0.25,1.92,-1.39
-0.72,0.97,-0.21,-0.33,1.51,-1.19
-0.47,0.61,-0.20,-0.35,1.16,-1.03
-0.56,0.24,-0.23,-0.39,0.82,-0.91
-0.53,0.00,-0.19,-0.41,0.52,-0.80
-0.28,-0.00,-0.23,-0.39,0.34,-0.72
-0.26,-0.03,-0.38,-0.37,0.23,-0.68
-0.24,0.00,-0.38,-0.36,0.16,-0.64
-0.06,0.11,-0.43,-0.32,0.15,-0.62
-0.06,0.38,-0.48,-0.29,0.20,-0.60
0.09,0.88,-0.36,-0.25,0.32,-0.58
0.24,1.65,-0.06,-0.18,0.59,-0.53
0.74,2.90,0.69,-0.05,1.19,-0.42
0.67,3.72,1.55,0.07,2.14,-0.24
0.46,4.13,2.32,0.15,3.09,0.04
0.24,3.94,2.76,0.17,3.52,0.38
0.28,3.26,3.32,0.19,3.41,0.83
-0.12,2.53,4.06,0.14,3.12,1.40
-0.33,1.32,4.51,0.07,2.52,2.04
-1.23,-0.41,4.57,-0.14,1.35,2.62
-0.96,-2.12,4.01,-0.32,-0.44,2.95
-0.10,-3.75,3.45,-0.27,-2.44,3.06
-0.27,-4.01,3.32,-0.27,-3.44,3.11
-0.16,-3.76,3.09,-0.25,-3.61,3.11
-0.19,-3.23,2.61,-0.24,-3.46,3.03
-0.24,-2.52,2.11,-0.24,-3.16,2.91
-0.28,-1.54,1.42,-0.24,-2.62,2.72
0.10,-0.95,0.74,-0.21,-1.97,2.45
-0.09,-0.67,0.13,-0.19,-1.41,2.10
-0.20,-0.62,-0.55,-0.19,-1.07,1.66
-0.10,-0.41,-1.02,-0.18,-0.82,1.16
-0.11,-0.57,-1.49,-0.18,-0.73,0.62
-0.06,-0.53,-1.68,-0.17,-0.68,0.11
-0.14,-0.51,-1.78,-0.16,-0.64,-0.32
-0.22,-0.59,-1.94,-0.17,-0.63,-0.68
-0.43,-0.49,-2.07,-0.19,-0.60,-0.98
-0.28,-0.41,-2.25,-0.20,-0.57,-1.24
-0.34,-0.49,-2.46,-0.21,-0.56,-1.48
-0.24,-0.56,-2.71,-0.21,-0.56,-1.71
-0.23,-0.58,-2.79,-0.21,-0.56,-1.90
-0.16,-0.82,-2.76,-0.21,-0.59,-2.05
-0.33,-0.74,-2.79,-0.22,-0.61,-2.17
-0.48,-0.68,-3.01,-0.23,-0.61,-2.30
-0.49,-0.55,-3.20,-0.25,-0.61,-2.43
-0.32,-0.35,-3.45,-0.26,-0.58,-2.57
-0.47,-0.29,-3.51,-0.27,-0.56,-2.70
-0.39,0.26,-3.36,-0.28,-0.47,-2.79
0.10,0.85,-3.19,-0.25,-0.30,-2.84
0.72,1.57,-2.65,-0.17,0.05,-2.82
0.42,2.44,-1.81,-0.10,0.71,-2.71
0.49,3.06,-1.18,-0.03,1.64,-2.54
0.81,3.74,-0.26,0.10,2.64,-2.27
0.78,3.76,0.28,0.22,3.22,-1.92
0.80,3.46,1.08,0.34,3.33,-1.44
1.28,3.27,2.07,0.54,3.31,-0.80
0.89,2.91,3.28,0.62,3.21,0.08
0.31,2.41,4.27,0.55,3.01,1.15
-0.05,1.86,4.95,0.43,2.71,2.25
-0.33,1.09,5.21,0.26,2.23,3.16
-0.64,0.00,4.92,0.04,1.41,3.70
-1.22,-1.38,4.34,-0.29,0.15,3.88
-0.44,-2.22,3.54,-0.34,-1.13,3.80
-0.25,-2.79,3.36,-0.31,-2.06,3.71
-0.05,-2.93,3.18,-0.26,-2.51,3.62
-0.17,-2.80,3.00,-0.24,-2.64,3.52
-0.22,-2.46,2.42,-0.24,-2.58,3.36
0.37,-2.12,1.92,-0.15,-2.45,3.16
0.31,-1.64,1.55,-0.07,-2.25,2.92
0.38,-1.38,1.25,0.01,-2.01,2.66
0.06,-1.09,0.95,0.01,-1.74,2.39
0.18,-0.78,0.56,0.04,-1.45,2.09
0.02,-0.69,0.02,0.04,-1.21,1.73
0.09,-0.85,-0.43,0.04,-1.09,1.33
0.33,-1.23,-0.73,0.08,-1.13,0.93
0.15,-1.49,-0.92,0.09,-1.21,0.56
0.01,-1.76,-1.04,0.08,-1.33,0.24
0.05,-1.88,-1.37,0.07,-1.45,-0.08
-0.02,-1.92,-1.58,0.07,-1.56,-0.38
-0.25,-2.02,-1.90,0.04,-1.66,-0.67
-0.58,-2.01,-2.39,-0.02,-1.74,-1.00
-0.71,-1.59,-3.09,-0.10,-1.71,-1.40
-0.52,-1.28,-3.76,-0.16,-1.63,-1.87
-0.51,-0.87,-4.23,-0.21,-1.49,-2.36
-0.53,-0.35,-4.70,-0.26,-1.25,-2.88
-0.53,0.36,-5.04,-0.30,-0.84,-3.37
-0.08,1.23,-5.01,-0.27,-0.16,-3.74
0.08,1.86,-4.89,-0.22,0.68,-3.99
0.28,2.34,-4.59,-0.15,1.46,-4.12
0.45,2.79,-4.20,-0.05,2.10,-4.13
0.56,2.81,-3.83,0.05,2.42,-4.09
0.63,2.66,-3.17,0.16,2.51,-3.96
0.78,2.46,-2.83,0.29,2.50,-3.80
0.85,2.04,-2.39,0.41,2.39,-3.61
0.93,1.72,-1.88,0.52,2.23,-3.37
1.22,1.53,-1.11,0.68,2.06,-3.03
1.12,1.64,-0.40,0.78,1.96,-2.60
0.97,1.42,0.15,0.82,1.83,-2.09
0.91,1.17,0.59,0.84,1.67,-1.54
0.80,0.89,0.88,0.83,1.48,-1.00
0.74,0.43,1.11,0.82,1.21,-0.52
0.69,0.12,1.38,0.80,0.89,-0.09
0.80,-0.17,1.59,0.80,0.55,0.29
0.85,-0.34,1.80,0.81,0.25,0.62
0.82,-0.28,1.91,0.81,0.07,0.89
0.85,-0.23,1.94,0.81,-0.02,1.10
0.60,-0.08,1.93,0.79,-0.04,1.26
0.54,-0.00,1.76,0.77,-0.03,1.34
0.47,0.11,1.52,0.74,-0.01,1.37
0.61,0.40,1.33,0.73,0.06,1.36
0.67,1.07,1.49,0.72,0.23,1.38
-0.07,1.92,1.91,0.65,0.58,1.44
0.25,2.01,1.89,0.60,0.99,1.49
0.63,1.33,1.51,0.61,1.11,1.49
0.85,0.50,1.62,0.64,0.93,1.50
0.56,0.27,1.84,0.63,0.75,1.53
0.11,-0.15,1.80,0.57,0.50,1.55
0.50,-1.23,1.86,0.56,-0.01,1.58
0.47,-1.46,1.91,0.55,-0.55,1.60
0.42,-1.71,1.97,0.54,-1.02,1.63
0.03,-1.98,1.95,0.49,-1.40,1.65
-0.13,-2.23,1.52,0.41,-1.72,1.64
-0.25,-2.32,1.01,0.32,-1.93,1.60
-0.02,-2.57,0.20,0.27,-2.14,1.51
-0.08,-2.92,-0.66,0.22,-2.38,1.34
-0.05,-2.90,-1.46,0.17,-2.54,1.09
-0.24,-2.44,-2.32,0.11,-2.51,0.71
-0.87,-1.64,-3.29,-0.05,-2.31,0.14
-0.66,-0.55,-4.12,-0.17,-1.86,-0.64
-0.40,0.30,-4.63,-0.22,-1.13,-1.55
0.06,1.03,-4.84,-0.16,-0.20,-2.41
0.26,1.63,-4.63,-0.09,0.69,-3.03
0.41,1.88,-4.25,0.01,1.29,-3.36
0.27,2.08,-3.80,0.06,1.65,-3.46
0.56,2.00,-3.31,0.15,1.79,-3.43
0.71,1.77,-2.72,0.25,1.78,-3.31
0.43,1.54,-2.11,0.29,1.72,-3.12
0.60,1.03,-1.59,0.34,1.57,-2.88
0.57,0.60,-1.11,0.38,1.34,-2.59
0.38,0.28,-0.82,0.38,1.06,-2.30
0.45,0.10,-0.29,0.39,0.77,-1.95
0.40,0.01,0.07,0.39,0.53,-1.58
0.38,-0.07,0.27,0.39,0.34,-1.23
0.29,-0.06,0.41,0.38,0.23,-0.91
0.20,-0.07,0.37,0.36,0.15,-0.66
0.26,-0.21,0.32,0.35,0.06,-0.48
0.29,-0.31,0.32,0.35,-0.02,-0.34
0.22,-0.30,0.32,0.34,-0.08,-0.23
0.25,-0.35,0.34,0.33,-0.13,-0.15
0.16,-0.44,0.35,0.31,-0.19,-0.08
0.18,-0.45,0.29,0.30,-0.24,-0.03
0.30,-0.43,0.27,0.30,-0.27,0.01
0.37,-0.28,0.17,0.31,-0.27,0.03
0.80,-0.37,0.08,0.34,-0.29,0.03
1.21,-0.26,0.06,0.42,-0.28,0.04
1.45,-0.22,0.18,0.54,-0.28,0.05
1.57,-0.35,0.11,0.69,-0.28,0.05
1.74,-0.37,0.03,0.90,-0.29,0.05
1.95,-0.45,0.01,1.15,-0.31,0.05
2.57,-0.46,-0.07,1.54,-0.32,0.04
3.05,-0.72,-0.24,2.04,-0.36,0.02
3.44,-0.19,-0.18,2.57,-0.34,0.01
3.68,-0.24,0.14,3.02,-0.33,0.02
4.44,-0.47,-0.05,3.58,-0.34,0.01
4.69,-0.39,0.00,4.05,-0.35,0.01
4.69,-0.34,0.03,4.31,-0.35,0.01
4.68,-0.33,-0.02,4.44,-0.34,0.01
4.90,-0.33,0.03,4.58,-0.34,0.01
4.89,-0.30,0.10,4.67,-0.34,0.02
4.99,-0.27,0.15,4.75,-0.34,0.02
5.04,-0.33,0.27,4.81,-0.34,0.03
5.53,-0.22,0.19,4.96,-0.33,0.04
5.75,-0.25,0.14,5.14,-0.32,0.04
5.79,-0.21,0.16,5.30,-0.32,0.05
5.90,-0.22,0.04,5.45,-0.31,0.05
5.80,-0.15,0.03,5.54,-0.30,0.05
5.77,-0.18,-0.03,5.59,-0.29,0.05
6.01,-0.19,-0.11,5.68,-0.29,0.04
6.02,-0.20,-0.18,5.75,-0.28,0.03
5.92,-0.18,-0.24,5.78,-0.28,0.02
5.86,-0.23,-0.03,5.80,-0.27,0.02
5.77,-0.20,0.04,5.79,-0.27,0.02
5.55,-0.20,0.08,5.76,-0.27,0.02
5.46,-0.18,0.13,5.72,-0.26,0.03
5.15,-0.27,0.11,5.64,-0.26,0.03
5.05,-0.20,0.05,5.55,-0.26,0.03
4.98,-0.26,-0.02,5.45,-0.26,0.03
4.84,-0.40,-0.01,5.34,-0.26,0.03
4.61,-0.36,-0.02,5.20,-0.27,0.03
4.43,-0.34,-0.04,5.03,-0.27,0.02
4.33,-0.42,0.06,4.86,-0.28,0.02
4.07,-0.48,0.27,4.66,-0.29,0.03
3.82,-0.33,0.30,4.44,-0.29,0.04
3.33,-0.43,0.37,4.12,-0.30,0.05
2.92,-0.27,0.38,3.74,-0.30,0.06
2.74,-0.12,0.28,3.40,-0.29,0.06
2.51,-0.31,0.31,3.08,-0.29,0.07
2.13,-0.28,0.45,2.75,-0.29,0.08
2.05,-0.43,1.23,2.51,-0.30,0.12
0.98,-0.81,1.44,2.01,-0.32,0.16
0.32,-0.46,1.17,1.37,-0.33,0.20
-0.75,-0.38,0.82,0.47,-0.33,0.22
-0.82,-0.14,0.74,-0.15,-0.32,0.25
-1.91,-0.09,0.82,-0.95,-0.31,0.27
-2.75,0.06,0.43,-1.81,-0.28,0.28
-2.69,-0.13,0.08,-2.24,-0.27,0.27
-2.51,-0.22,0.08,-2.35,-0.27,0.26
-3.11,-0.10,0.20,-2.60,-0.26,0.26
-3.30,-0.21,0.28,-2.82,-0.25,0.26
-3.45,-0.16,0.39,-3.02,-0.25,0.27
-3.83,-0.12,0.42,-3.26,-0.24,0.27
-4.23,0.14,0.18,-3.55,-0.21,0.27
-4.33,-0.03,-0.14,-3.80,-0.20,0.25
-4.29,-0.08,-0.32,-3.95,-0.19,0.23
-4.33,-0.15,-0.36,-4.06,-0.19,0.21
-4.65,-0.13,-0.46,-4.21,-0.18,0.18
-4.69,-0.22,-0.53,-4.34,-0.18,0.15
-4.73,-0.19,-0.44,-4.43,-0.19,0.12
-4.69,-0.25,-0.48,-4.49,-0.19,0.09
-4.99,-0.32,-0.43,-4.60,-0.20,0.07
-5.02,-0.28,-0.36,-4.69,-0.20,0.05
-5.12,-0.34,-0.29,-4.78,-0.21,0.03
-5.19,-0.31,-0.17,-4.86,-0.22,0.02
-5.26,-0.32,-0.09,-4.94,-0.22,0.01
-5.30,-0.33,-0.07,-5.02,-0.23,0.01
-5.36,-0.33,-0.04,-5.08,-0.24,0.01
-5.40,-0.29,0.05,-5.14,-0.24,0.01
-5.40,-0.29,0.05,-5.19,-0.24,0.01
-5.48,-0.26,0.13,-5.24,-0.24,0.02
-5.60,-0.28,0.27,-5.30,-0.24,0.03
-5.53,-0.26,0.38,-5.34,-0.25,0.04
-5.65,-0.22,0.45,-5.39,-0.24,0.06
-5.70,-0.17,0.51,-5.44,-0.24,0.08
-5.79,-0.15,0.50,-5.49,-0.24,0.09
-5.71,-0.20,0.48,-5.53,-0.23,0.11
-5.74,-0.18,0.50,-5.56,-0.23,0.13
-5.73,-0.16,0.51,-5.58,-0.23,0.14
-5.61,-0.12,0.50,-5.59,-0.22,0.16
-5.65,-0.14,0.46,-5.59,-0.22,0.17
-5.50,-0.08,0.42,-5.58,-0.21,0.18
-5.52,-0.03,0.31,-5.58,-0.20,0.19
-5.21,-0.06,0.15,-5.54,-0.20,0.19
-5.03,-0.03,0.18,-5.49,-0.19,0.19
-4.93,-0.14,0.18,-5.42,-0.19,0.19
-4.75,-0.11,0.02,-5.33,-0.18,0.18
-4.44,0.10,-0.27,-5.19,-0.17,0.16
-4.49,0.07,-0.30,-5.05,-0.15,0.15
-3.99,-0.16,-0.31,-4.83,-0.15,0.13
-3.65,-0.28,-0.48,-4.53,-0.16,0.10
-3.35,-0.11,-0.49,-4.18,-0.16,0.08
-3.31,-0.11,-0.83,-3.89,-0.16,0.04
-2.36,-0.32,-0.42,-3.38,-0.17,0.02
-2.09,-0.50,-0.05,-2.89,-0.18,0.01
-1.16,-0.19,-0.10,-2.20,-0.18,0.01
-0.58,-0.26,0.14,-1.48,-0.19,0.02
0.59,-0.41,0.07,-0.54,-0.20,0.02
1.30,-0.35,-0.08,0.38,-0.21,0.01
1.67,-0.34,-0.19,1.03,-0.22,0.01
2.57,-0.29,-0.21,1.75,-0.22,-0.00
2.78,-0.31,-0.32,2.23,-0.23,-0.02
3.54,-0.25,-0.31,2.78,-0.23,-0.03
4.44,-0.29,-0.11,3.49,-0.23,-0.03
4.77,-0.42,0.00,4.07,-0.24,-0.03
4.73,-0.36,0.08,4.36,-0.25,-0.03
4.91,-0.20,0.04,4.56,-0.25,-0.02
5.16,-0.11,-0.04,4.76,-0.24,-0.02
5.10,-0.10,-0.05,4.86,-0.23,-0.02
5.10,-0.05,-0.08,4.93,-0.22,-0.03
5.29,-0.03,-0.22,5.01,-0.21,-0.03
5.63,-0.03,-0.23,5.15,-0.20,-0.04
5.58,0.03,-0.15,5.25,-0.18,-0.04
5.71,-0.08,-0.29,5.35,-0.18,-0.05
6.05,0.00,-0.32,5.50,-0.16,-0.06
6.09,0.07,-0.18,5.64,-0.15,-0.06
6.00,0.17,-0.21,5.72,-0.12,-0.07
6.04,0.25,-0.23,5.80,-0.09,-0.07
6.17,0.32,-0.17,5.87,-0.06,-0.08
6.04,0.31,-0.10,5.91,-0.02,-0.08
6.08,0.25,-0.11,5.94,0.01,-0.08
6.08,0.23,0.01,5.96,0.03,-0.08
6.19,0.19,0.02,6.00,0.05,-0.07
6.04,0.16,0.09,6.00,0.06,-0.07
5.95,0.15,0.05,6.00,0.07,-0.06
5.85,0.08,0.00,5.98,0.07,-0.06
5.73,0.05,-0.11,5.95,0.07,-0.06
5.61,0.12,-0.17,5.91,0.07,-0.07
5.62,0.12,-0.21,5.88,0.08,-0.07
5.44,0.04,-0.19,5.82,0.07,-0.07
5.25,0.20,-0.23,5.75,0.08,-0.08
5.29,0.15,-0.12,5.68,0.09,-0.08
4.92,0.11,-0.18,5.56,0.09,-0.08
4.56,0.21,-0.18,5.37,0.10,-0.08
4.25,0.11,-0.14,5.12,0.10,-0.09
3.83,0.08,-0.21,4.77,0.10,-0.09
3.14,0.03,-0.18,4.26,0.09,-0.09
2.98,-0.19,-0.12,3.77,0.08,-0.09
2.23,-0.07,0.08,3.16,0.07,-0.09
1.36,-0.21,0.14,2.39,0.05,-0.08
0.42,0.01,-0.09,1.48,0.05,-0.08
-0.05,0.03,-0.14,0.72,0.05,-0.08
-0.84,-0.04,-0.05,-0.03,0.04,-0.08
-1.60,0.07,-0.08,-0.77,0.04,-0.08
-2.45,0.04,-0.20,-1.57,0.04,-0.09
-2.94,0.13,-0.21,-2.23,0.05,-0.09
-3.61,0.05,-0.14,-2.86,0.05,-0.09
-3.72,0.04,-0.12,-3.25,0.05,-0.09
-4.25,0.08,-0.02,-3.65,0.05,-0.09
-4.53,-0.09,-0.01,-3.99,0.04,-0.09
-4.86,-0.04,0.23,-4.31,0.04,-0.08
-4.99,-0.07,0.39,-4.55,0.03,-0.07
-5.23,-0.01,0.39,-4.77,0.03,-0.06
-5.43,0.06,0.46,-4.98,0.03,-0.05
-5.51,0.01,0.37,-5.14,0.03,-0.04
-5.78,0.03,0.33,-5.32,0.03,-0.03
-6.12,0.08,0.16,-5.54,0.03,-0.02
-6.03,0.06,0.08,-5.68,0.03,-0.02
-6.39,0.11,-0.02,-5.87,0.04,-0.02
-6.38,0.11,-0.13,-6.01,0.04,-0.02
-6.65,0.04,-0.17,-6.18,0.04,-0.03
-6.63,0.08,-0.14,-6.30,0.04,-0.03
-6.58,0.03,-0.10,-6.37,0.04,-0.03
-6.90,0.08,-0.01,-6.48,0.04,-0.03
-6.83,0.01,-0.02,-6.56,0.04,-0.03
-6.64,-0.04,0.11,-6.58,0.04,-0.03
-7.02,0.03,0.09,-6.66,0.04,-0.03
-6.91,0.01,-0.08,-6.71,0.04,-0.03
-7.07,0.05,-0.17,-6.77,0.04,-0.03
-6.96,0.05,-0.25,-6.80,0.04,-0.03
-6.97,-0.01,-0.25,-6.83,0.04,-0.04
-7.09,0.05,-0.17,-6.87,0.04,-0.04
-7.17,0.01,-0.18,-6.91,0.04,-0.05
-7.07,-0.01,-0.15,-6.94,0.03,-0.05
-7.19,-0.02,-0.03,-6.97,0.03,-0.05
-7.31,0.04,0.02,-7.02,0.03,-0.05
-7.24,0.05,0.04,-7.05,0.03,-0.04
-7.18,0.09,0.10,-7.07,0.04,-0.04
-7.02,0.14,0.21,-7.06,0.04,-0.04
-6.93,0.10,0.26,-7.05,0.04,-0.03
-6.85,0.22,0.35,-7.02,0.05,-0.02
-6.83,0.22,0.44,-7.00,0.05,-0.01
-6.71,0.21,0.52,-6.97,0.06,0.00
-6.67,0.26,0.50,-6.94,0.06,0.01
-6.41,0.26,0.40,-6.88,0.07,0.02
-5.94,0.20,0.41,-6.75,0.08,0.03
-5.84,0.21,0.59,-6.60,0.08,0.05
-5.93,0.16,0.35,-6.46,0.09,0.06
-5.46,0.17,0.18,-6.25,0.09,0.06
-5.11,0.00,0.50,-5.96,0.09,0.07
-4.80,0.05,0.49,-5.62,0.08,0.09
-3.65,-0.03,0.43,-4.97,0.08,0.10
-3.58,-0.13,0.66,-4.40,0.07,0.11
-2.77,-0.12,0.19,-3.71,0.06,0.12
-2.03,-0.17,0.09,-2.96,0.05,0.12
-1.59,-0.20,0.06,-2.32,0.04,0.11
-0.10,-0.26,-0.10,-1.31,0.02,0.11
0.22,-0.48,0.08,-0.54,-0.01,0.11
1.14,-0.42,0.03,0.28,-0.04,0.10
2.00,-0.63,0.17,1.12,-0.09,0.11
2.71,-0.73,0.19,1.90,-0.15,0.11
3.38,-0.73,0.18,2.61,-0.22,0.11
3.79,-0.67,0.13,3.17,-0.28,0.11
4.23,-0.62,0.19,3.63,-0.33,0.11
4.28,-0.73,0.09,3.90,-0.39,0.11
4.15,-0.72,-0.08,3.99,-0.44,0.11
4.58,-0.75,-0.24,4.16,-0.49,0.10
4.52,-0.69,-0.44,4.26,-0.52,0.08
4.90,-0.60,-0.45,4.42,-0.53,0.07
5.04,-0.65,-0.50,4.58,-0.55,0.05
5.13,-0.66,-0.49,4.72,-0.56,0.04
5.24,-0.58,-0.37,4.85,-0.56,0.02
5.30,-0.57,-0.33,4.96,-0.56,0.01
5.47,-0.65,-0.29,5.08,-0.57,0.00
5.70,-0.71,-0.31,5.23,-0.58,-0.01
5.72,-0.62,-0.29,5.34,-0.59,-0.02
5.80,-0.65,-0.27,5.45,-0.59,-0.02
5.80,-0.62,-0.21,5.53,-0.60,-0.03
5.80,-0.63,-0.14,5.59,-0.60,-0.03
5.71,-0.56,-0.14,5.61,-0.60,-0.04
5.71,-0.66,-0.11,5.63,-0.60,-0.04
5.81,-0.62,-0.14,5.66,-0.60,-0.04
5.84,-0.56,-0.17,5.68,-0.60,-0.05
5.92,-0.55,-0.25,5.72,-0.60,-0.05
6.11,-0.52,-0.29,5.77,-0.59,-0.06
6.04,-0.55,-0.25,5.81,-0.59,-0.07
6.01,-0.56,-0.20,5.84,-0.59,-0.07
6.06,-0.57,-0.13,5.87,-0.59,-0.07
5.99,-0.56,-0.11,5.88,-0.59,-0.07
5.83,-0.52,-0.07,5.88,-0.58,-0.07
5.85,-0.58,-0.10,5.87,-0.58,-0.07
5.66,-0.53,-0.05,5.85,-0.58,-0.07
5.56,-0.53,-0.08,5.82,-0.58,-0.07
5.55,-0.57,-0.18,5.79,-0.58,-0.08
5.53,-0.44,-0.18,5.76,-0.57,-0.08
5.34,-0.46,-0.19,5.72,-0.57,-0.08
5.26,-0.48,-0.19,5.66,-0.56,-0.08
5.32,-0.45,-0.14,5.61,-0.56,-0.09
4.72,-0.46,-0.13,5.49,-0.55,-0.09
4.30,-0.44,-0.18,5.29,-0.55,-0.09
3.92,-0.53,-0.27,4.98,-0.55,-0.09
3.19,-0.42,-0.52,4.47,-0.54,-0.10
2.39,-0.38,-0.76,3.72,-0.53,-0.12
2.12,-0.39,-0.95,3.01,-0.53,-0.14
2.16,-0.24,-0.95,2.62,-0.51,-0.16
1.72,-0.21,-0.98,2.26,-0.50,-0.19
1.59,-0.15,-1.01,2.01,-0.48,-0.22
1.75,-0.20,-0.78,1.92,-0.46,-0.24
1.45,-0.19,-0.49,1.79,-0.44,-0.25
1.00,-0.17,-0.31,1.58,-0.42,-0.25
0.75,-0.12,-0.24,1.35,-0.39,-0.25
0.36,-0.06,-0.05,1.06,-0.37,-0.24
0.22,-0.11,-0.19,0.80,-0.34,-0.24
-0.03,-0.03,-0.50,0.54,-0.31,-0.25
-0.02,0.01,-0.61,0.36,-0.28,-0.26
0.06,0.03,-0.74,0.27,-0.25,-0.28
0.08,-0.09,-0.81,0.22,-0.23,-0.30
0.41,-0.10,-0.84,0.26,-0.21,-0.32
0.44,-0.05,-0.66,0.30,-0.20,-0.33
0.60,-0.16,-0.34,0.35,-0.19,-0.33
0.97,-0.17,0.24,0.46,-0.19,-0.31
1.46,-0.13,1.25,0.65,-0.19,-0.25
2.15,-0.03,2.74,0.99,-0.17,-0.11
2.54,0.06,4.67,1.45,-0.15,0.18
2.90,0.17,6.71,1.97,-0.13,0.78
2.48,0.08,8.83,2.17,-0.11,2.00
2.01,-0.04,10.60,2.12,-0.10,4.11
0.93,0.43,12.26,1.80,-0.05,6.99
0.28,0.96,12.90,1.33,0.05,9.56
-0.00,0.50,13.18,0.84,0.11,11.17
-0.30,0.07,13.09,0.40,0.11,11.94
-0.40,0.18,12.36,0.08,0.12,12.08
-0.11,-0.50,11.83,0.01,0.04,12.01
-0.39,-0.26,11.67,-0.10,0.00,11.94
-0.11,-0.24,11.43,-0.10,-0.03,11.85
-0.52,-0.22,11.32,-0.19,-0.06,11.76
-0.47,-0.30,10.37,-0.25,-0.09,11.55
-0.53,-0.57,8.22,-0.30,-0.15,11.04
-0.44,-0.35,6.88,-0.33,-0.18,10.28
-0.57,-0.38,5.59,-0.37,-0.21,9.21
-0.47,-0.64,4.60,-0.38,-0.26,7.95
-0.39,-0.53,4.09,-0.38,-0.30,6.74
-0.73,-0.40,3.61,-0.43,-0.32,5.72
-0.82,-0.43,3.00,-0.48,-0.33,4.84
-0.66,-0.46,2.37,-0.50,-0.35,4.08
-0.81,-0.46,1.79,-0.54,-0.36,3.41
-0.87,-0.44,1.27,-0.59,-0.37,2.80
-0.73,-0.31,0.45,-0.61,-0.36,2.17
-1.03,-0.11,-0.46,-0.66,-0.34,1.48
-0.95,-0.11,-1.36,-0.70,-0.32,0.72
-1.28,0.22,-2.36,-0.78,-0.26,-0.12
-1.52,0.49,-3.80,-0.89,-0.18,-1.16
-1.57,0.16,-5.24,-1.02,-0.13,-2.38
-1.58,0.05,-6.75,-1.13,-0.10,-3.79
-1.34,0.21,-8.33,-1.17,-0.06,-5.35
-1.55,0.60,-9.91,-1.24,0.03,-7.00
-2.19,1.01,-11.88,-1.42,0.19,-8.82
-2.01,1.32,-14.89,-1.55,0.41,-11.18
-2.08,1.13,-16.60,-1.67,0.59,-13.45
-1.99,1.63,-17.61,-1.75,0.86,-15.23
-0.83,1.91,-18.92,-1.55,1.16,-16.72
-0.88,1.09,-19.39,-1.39,1.14,-17.74
-0.84,0.71,-19.09,-1.25,1.03,-18.21
-0.24,1.63,-18.61,-1.00,1.17,-18.33
0.20,0.90,-18.05,-0.66,1.11,-18.26
0.39,0.32,-15.97,-0.33,0.94,-17.81
0.13,0.67,-14.70,-0.17,0.87,-17.16
0.99,0.08,-13.17,0.18,0.70,-16.24
0.97,-0.17,-10.86,0.44,0.50,-14.81
0.43,0.13,-9.24,0.43,0.40,-13.03
0.53,-0.13,-7.76,0.46,0.27,-11.11
0.06,0.12,-6.77,0.38,0.24,-9.42
0.21,0.21,-5.95,0.34,0.23,-8.07
0.56,-0.05,-4.92,0.38,0.18,-6.92
0.37,-0.12,-3.86,0.38,0.13,-5.85
0.61,-0.05,-2.74,0.41,0.10,-4.82
0.59,-0.22,-1.64,0.44,0.05,-3.79
0.60,-0.31,-0.55,0.46,-0.00,-2.75
0.64,-0.32,0.59,0.48,-0.05,-1.68
0.83,-0.33,1.84,0.53,-0.09,-0.56
0.89,-0.35,3.07,0.57,-0.13,0.62
1.02,-0.18,4.38,0.63,-0.14,1.87
1.52,-0.26,6.10,0.76,-0.16,3.29
1.94,-0.58,8.39,0.97,-0.21,5.08
1.38,-0.22,11.32,1.06,-0.21,7.44
1.21,0.06,12.99,1.10,-0.18,9.75
1.30,-0.19,14.82,1.13,-0.18,11.92
0.61,-0.11,15.99,1.04,-0.17,13.65
0.42,0.18,16.57,0.93,-0.14,14.82
0.57,-0.09,17.09,0.86,-0.13,15.64
0.33,-0.08,17.11,0.75,-0.13,16.12
0.14,0.48,17.12,0.63,-0.07,16.40
0.32,0.14,16.65,0.56,-0.05,16.46
0.42,-0.16,15.68,0.53,-0.06,16.30
0.82,-0.07,15.70,0.58,-0.06,16.19
0.39,-0.27,15.48,0.55,-0.08,16.08
0.45,-0.21,15.07,0.54,-0.09,15.92
0.33,-0.28,14.73,0.51,-0.11,15.74
0.45,-0.68,13.56,0.50,-0.16,15.41
0.25,-0.73,12.72,0.47,-0.23,14.97
0.31,-0.42,12.38,0.45,-0.25,14.49
0.14,-0.55,11.92,0.41,-0.29,13.97
0.12,-0.75,11.34,0.37,-0.35,13.40
0.36,-0.66,10.83,0.37,-0.39,12.81
0.36,-0.62,9.94,0.37,-0.42,12.12
0.26,-0.52,9.32,0.36,-0.43,11.42
0.48,-0.93,9.17,0.37,-0.50,10.83
0.07,-1.20,8.38,0.34,-0.59,10.20
0.19,-0.97,7.69,0.33,-0.66,9.56
0.03,-1.17,7.37,0.30,-0.74,8.99
0.13,-1.39,6.72,0.28,-0.85,8.42
0.12,-0.90,6.15,0.26,-0.86,7.85
0.31,-0.84,6.32,0.27,-0.86,7.47
0.23,-0.91,6.59,0.27,-0.87,7.26
0.36,-0.77,6.81,0.27,-0.85,7.17
0.32,-0.81,7.13,0.28,-0.85,7.16
0.14,-1.12,7.10,0.27,-0.88,7.15
0.07,-0.99,6.46,0.25,-0.89,7.06
-0.15,-1.19,5.75,0.22,-0.92,6.89
-0.39,-1.48,4.64,0.16,-0.98,6.59
-0.74,-1.31,3.24,0.07,-1.03,6.09
-0.65,-1.37,1.28,-0.03,-1.07,5.22
-0.66,-1.37,-0.53,-0.14,-1.11,3.88
-0.80,-1.30,-2.16,-0.26,-1.14,2.08
-0.57,-1.05,-4.38,-0.32,-1.13,-0.23
-0.52,-0.92,-5.49,-0.36,-1.10,-2.37
-0.52,-0.53,-6.55,-0.39,-1.03,-4.11
-0.36,-0.43,-7.68,-0.38,-0.95,-5.54
-0.17,-0.43,-8.96,-0.35,-0.87,-6.83
-0.56,-0.71,-9.90,-0.38,-0.85,-7.93
-1.03,-1.29,-10.32,-0.47,-0.91,-8.74
-0.63,-0.77,-11.57,-0.49,-0.89,-9.63
-0.41,-0.10,-12.71,-0.48,-0.77,-10.57
-1.46,0.24,-13.51,-0.61,-0.60,-11.47
-1.03,0.07,-14.48,-0.68,-0.45,-12.38
-0.42,0.22,-15.23,-0.63,-0.30,-13.24
-0.64,0.54,-16.03,-0.63,-0.09,-14.07
-1.09,0.13,-16.16,-0.70,-0.04,-14.69
-0.34,0.79,-16.80,-0.64,0.15,-15.27
-0.79,0.96,-16.70,-0.67,0.35,-15.65
-1.41,0.30,-16.58,-0.77,0.34,-15.87
-0.57,0.49,-16.91,-0.74,0.37,-16.10
-0.78,0.65,-16.84,-0.75,0.43,-16.24
-1.40,0.08,-16.71,-0.84,0.36,-16.33
-0.69,0.63,-17.77,-0.81,0.41,-16.56
-0.75,0.35,-17.77,-0.80,0.40,-16.76
-1.14,-0.04,-17.40,-0.85,0.33,-16.86
0.15,0.13,-17.68,-0.71,0.30,-16.98
-0.10,-0.27,-17.16,-0.60,0.22,-17.01
-0.92,-0.14,-16.97,-0.67,0.16,-17.00
-0.71,0.25,-16.63,-0.67,0.17,-16.96
-1.17,-0.37,-15.98,-0.75,0.09,-16.85
-1.25,0.26,-16.11,-0.84,0.12,-16.77
-0.93,0.69,-16.21,-0.85,0.21,-16.71
-0.89,0.20,-16.14,-0.86,0.20,-16.65
-0.70,0.95,-16.36,-0.84,0.31,-16.62
-0.18,1.06,-16.33,-0.75,0.44,-16.60
0.23,0.57,-15.46,-0.60,0.46,-16.49
0.04,0.93,-14.57,-0.48,0.54,-16.31
0.69,0.22,-13.53,-0.24,0.49,-16.01
0.51,1.13,-12.33,-0.05,0.60,-15.53
0.08,1.64,-11.96,-0.01,0.80,-14.93
0.45,0.41,-11.52,0.09,0.71,-14.25
0.28,1.13,-10.69,0.13,0.80,-13.43
1.01,0.69,-9.94,0.30,0.78,-12.53
2.13,0.49,-8.19,0.72,0.72,-11.32
1.44,1.15,-6.40,0.95,0.80,-9.79
0.90,0.44,-4.86,0.93,0.73,-8.08
1.00,0.82,-3.65,0.95,0.75,-6.44
0.69,0.96,-2.73,0.90,0.78,-5.04
0.38,0.18,-1.95,0.80,0.69,-3.91
0.65,0.29,-1.09,0.77,0.63,-2.93
0.38,0.24,-0.40,0.70,0.56,-2.11
0.57,0.09,0.34,0.68,0.48,-1.35
1.07,0.32,1.07,0.74,0.45,-0.64
1.79,0.32,2.16,0.91,0.43,0.15
1.84,0.33,3.70,1.10,0.41,1.16
2.19,0.29,5.73,1.36,0.40,2.53
2.07,0.54,7.61,1.56,0.42,4.21
1.98,0.63,9.33,1.68,0.44,6.07
2.06,0.53,11.22,1.78,0.45,8.06
1.50,0.55,12.82,1.71,0.46,9.97
1.75,0.94,14.06,1.72,0.51,11.62
1.86,0.91,15.84,1.75,0.56,13.26
1.11,0.93,16.81,1.64,0.61,14.62
1.77,1.46,17.68,1.67,0.72,15.74
1.50,1.44,19.04,1.64,0.84,16.88
1.36,1.56,19.59,1.60,0.97,17.79
0.49,1.50,20.21,1.43,1.08,18.56
1.03,1.20,20.03,1.35,1.11,19.00
1.47,1.49,20.47,1.38,1.18,19.39
1.04,1.36,21.27,1.32,1.21,19.85
1.26,1.53,21.33,1.31,1.27,20.20
1.06,1.74,21.45,1.27,1.35,20.48
1.07,1.51,21.24,1.24,1.37,20.64
1.41,1.69,20.56,1.27,1.43,20.62
0.81,1.42,19.97,1.21,1.42,20.52
1.26,1.04,19.44,1.21,1.37,20.36
0.71,1.09,18.99,1.15,1.33,20.16
0.97,0.21,18.19,1.12,1.17,19.87
1.48,0.38,17.69,1.17,1.02,19.52
0.74,0.87,17.82,1.11,0.99,19.22
1.05,-0.42,16.74,1.10,0.72,18.78
1.17,0.02,16.11,1.11,0.54,18.27
0.03,0.30,15.50,0.98,0.48,17.68
1.01,-0.42,14.55,0.99,0.27,16.97
-0.28,-0.07,13.97,0.81,0.19,16.23
-0.22,-1.40,12.18,0.60,-0.19,15.17
-0.15,-1.05,10.79,0.42,-0.45,13.89
-0.75,-1.17,9.46,0.13,-0.68,12.46
-0.84,-1.50,8.01,-0.16,-0.93,10.93
-0.79,-0.94,7.13,-0.36,-0.94,9.56
-0.66,-0.92,6.75,-0.45,-0.93,8.55
-0.73,-1.06,6.52,-0.52,-0.96,7.88
-0.68,-0.97,6.48,-0.56,-0.96,7.46
-0.73,-1.32,6.32,-0.59,-1.01,7.15
-0.48,-1.22,5.76,-0.57,-1.04,6.83
-0.04,-0.97,5.33,-0.49,-1.03,6.50
-0.29,-1.33,4.63,-0.45,-1.07,6.10
-0.49,-1.39,3.95,-0.46,-1.11,5.65
-0.58,-1.23,3.10,-0.48,-1.13,5.10
-0.82,-1.39,2.31,-0.52,-1.16,4.46
-0.91,-1.31,1.20,-0.57,-1.18,3.68
-1.04,-1.37,0.36,-0.64,-1.21,2.81
-1.14,-1.23,-0.85,-0.72,-1.21,1.79
-1.24,-1.02,-1.97,-0.80,-1.19,0.67
-1.12,-0.90,-3.47,-0.86,-1.16,-0.63
-1.26,-0.82,-4.82,-0.93,-1.12,-2.02
-1.17,-0.81,-6.59,-0.97,-1.08,-3.61
-1.25,-1.04,-8.58,-1.02,-1.08,-5.42
-1.23,-1.15,-10.32,-1.05,-1.09,-7.30
-1.34,-0.97,-12.49,-1.09,-1.07,-9.35
-1.42,-1.20,-14.63,-1.14,-1.09,-11.50
-1.88,-0.03,-16.63,-1.26,-0.99,-13.64
-1.50,-0.24,-17.69,-1.30,-0.89,-15.34
-1.32,-0.20,-17.64,-1.30,-0.78,-16.25
-1.63,0.00,-17.52,-1.35,-0.64,-16.69
-1.14,-0.95,-17.06,-1.32,-0.70,-16.80
-1.50,-0.29,-16.55,-1.34,-0.62,-16.74
-1.16,0.01,-16.82,-1.32,-0.50,-16.75
-0.52,-0.36,-16.85,-1.22,-0.47,-16.77
-0.92,0.22,-17.36,-1.17,-0.34,-16.86
-0.62,0.67,-17.47,-1.08,-0.14,-16.94
-0.62,-0.34,-16.40,-1.01,-0.19,-16.87
-0.19,0.93,-16.94,-0.86,0.05,-16.88
0.62,0.17,-16.23,-0.56,0.08,-16.81
-0.27,-0.74,-14.80,-0.48,-0.10,-16.60
0.44,0.34,-14.16,-0.26,0.01,-16.30
0.50,-0.08,-12.71,-0.05,-0.01,-15.80
0.26,-0.14,-11.09,0.03,-0.04,-14.98
0.29,0.15,-10.09,0.10,-0.00,-13.88
0.30,0.28,-9.02,0.14,0.04,-12.53
0.19,0.17,-8.30,0.15,0.06,-11.18
0.54,0.13,-7.70,0.22,0.07,-10.00
0.72,0.09,-6.63,0.30,0.07,-8.87
0.73,0.20,-5.56,0.38,0.09,-7.77
1.11,0.10,-4.30,0.51,0.09,-6.63
0.71,-0.13,-3.06,0.55,0.07,-5.45
0.58,-0.01,-2.15,0.56,0.06,-4.35
0.55,-0.16,-1.02,0.56,0.04,-3.26
0.44,-0.19,-0.19,0.54,0.01,-2.26
0.69,-0.12,0.33,0.56,0.00,-1.43
0.53,-0.07,0.73,0.56,-0.01,-0.77
0.58,-0.10,1.13,0.56,-0.01,-0.23
0.43,-0.11,1.50,0.54,-0.02,0.23
0.15,0.00,1.71,0.51,-0.02,0.60
0.22,-0.05,1.78,0.48,-0.02,0.87
0.30,-0.23,1.87,0.46,-0.04,1.08
0.43,-0.25,2.09,0.45,-0.06,1.28
0.26,-0.16,2.25,0.44,-0.06,1.46
-0.00,-0.12,2.27,0.39,-0.07,1.60
0.19,-0.10,2.10,0.37,-0.07,1.68
-0.08,-0.07,1.97,0.32,-0.07,1.72
-0.45,-0.14,1.68,0.23,-0.08,1.72
-0.29,-0.10,1.30,0.15,-0.08,1.67
-0.06,-0.16,1.07,0.12,-0.08,1.60
-0.24,-0.14,0.80,0.06,-0.09,1.52
-0.18,-0.20,0.60,0.03,-0.09,1.42
0.14,-0.31,0.43,0.04,-0.10,1.31
0.11,-0.27,0.34,0.05,-0.11,1.21
0.09,-0.28,0.27,0.06,-0.13,1.10
0.04,-0.29,0.22,0.05,-0.14,1.00
0.03,-0.30,0.14,0.05,-0.15,0.91
0.02,-0.20,0.04,0.05,-0.15,0.81
0.03,-0.30,0.06,0.05,-0.16,0.73
-0.18,-0.31,0.07,0.03,-0.17,0.65
0.10,-0.20,0.05,0.04,-0.17,0.59
0.04,-0.28,0.05,0.04,-0.18,0.53
0.04,-0.15,0.06,0.04,-0.18,0.49
-0.20,-0.09,0.24,0.02,-0.17,0.46
-0.11,-0.18,0.20,0.01,-0.17,0.44
-0.06,-0.14,0.24,0.00,-0.17,0.42
-0.19,-0.28,0.28,-0.01,-0.18,0.41
-0.07,-1.03,0.27,-0.01,-0.22,0.40
-0.08,-0.86,0.21,-0.02,-0.27,0.38
0.13,-0.80,0.10,-0.01,-0.32,0.36
-0.53,-0.40,0.10,-0.04,-0.33,0.35
-0.56,-0.46,0.08,-0.09,-0.34,0.33
-0.20,-0.42,-0.12,-0.10,-0.35,0.30
-0.55,-0.39,0.11,-0.14,-0.35,0.29
-0.65,-0.34,-0.02,-0.19,-0.35,0.27
-0.19,-0.51,-0.05,-0.19,-0.37,0.25
-0.52,-0.38,-0.08,-0.22,-0.37,0.23
-0.29,-0.38,-0.07,-0.23,-0.37,0.21
-0.43,-0.42,-0.04,-0.25,-0.37,0.20
-0.48,-0.39,-0.03,-0.28,-0.37,0.19
-0.29,-0.44,-0.04,-0.28,-0.38,0.17
-0.47,-0.39,-0.04,-0.29,-0.38,0.16
-0.34,-0.42,-0.05,-0.30,-0.38,0.15
-0.40,-0.41,-0.05,-0.31,-0.38,0.14
-0.34,-0.39,-0.05,-0.31,-0.38,0.13
-0.45,-0.38,-0.05,-0.32,-0.38,0.12
-0.40,-0.42,-0.04,-0.33,-0.38,0.12
-0.38,-0.41,-0.05,-0.33,-0.39,0.11
-0.44,-0.38,-0.05,-0.34,-0.38,0.10
-0.35,-0.42,-0.04,-0.34,-0.39,0.10
-0.43,-0.39,-0.04,-0.35,-0.39,0.09
-0.38,-0.42,-0.04,-0.35,-0.39,0.08
-0.39,-0.39,-0.05,-0.35,-0.39,0.08
-0.38,-0.41,-0.05,-0.35,-0.39,0.07
-0.40,-0.40,-0.05,-0.36,-0.39,0.07
-0.38,-0.42,-0.05,-0.36,-0.39,0.06
-0.38,-0.38,-0.04,-0.36,-0.39,0.06
-0.40,-0.41,-0.05,-0.36,-0.39,0.06
-0.43,-0.45,-0.05,-0.36,-0.39,0.05
-0.36,-0.35,-0.05,-0.36,-0.39,0.05
-0.42,-0.48,-0.05,-0.37,-0.39,0.05
-0.36,-0.40,-0.02,-0.37,-0.39,0.04
-0.38,-0.46,-0.04,-0.37,-0.40,0.04
-0.38,-0.34,-0.04,-0.37,-0.39,0.04
-0.41,-0.42,-0.04,-0.37,-0.40,0.04
-0.39,-0.42,-0.04,-0.37,-0.40,0.03
-0.42,-0.39,-0.04,-0.37,-0.40,0.03
-0.34,-0.38,-0.04,-0.37,-0.40,0.03
-0.46,-0.45,-0.04,-0.37,-0.40,0.03
-0.45,-0.38,-0.05,-0.38,-0.40,0.03
-0.37,-0.41,-0.03,-0.38,-0.40,0.02
-0.46,-0.44,-0.03,-0.38,-0.40,0.02
-0.38,-0.40,-0.04,-0.38,-0.40,0.02
-0.40,-0.36,-0.05,-0.38,-0.40,0.02
-0.37,-0.44,-0.05,-0.38,-0.40,0.02
-0.45,-0.38,-0.04,-0.38,-0.40,0.02
-0.35,-0.43,-0.04,-0.38,-0.40,0.01
-0.44,-0.36,-0.04,-0.38,-0.40,0.01
-0.35,-0.45,-0.05,-0.38,-0.40,0.01
-0.43,-0.35,-0.05,-0.38,-0.40,0.01
-0.33,-0.42,-0.05,-0.38,-0.40,0.01
-0.39,-0.42,-0.04,-0.38,-0.40,0.01
-0.40,-0.41,-0.05,-0.38,-0.40,0.01
-0.40,-0.41,-0.03,-0.38,-0.40,0.01
-0.38,-0.37,-0.05,-0.38,-0.40,0.00
-0.36,-0.43,-0.05,-0.38,-0.40,0.00
-0.40,-0.39,-0.05,-0.38,-0.40,0.00
-0.34,-0.42,-0.05,-0.38,-0.40,0.00
