fps,Frame,Marker ID,X Position (m),Y Position (m),Distance from Circle (m),Distance from Previous Point (m),Speed (m/s)
29,0,10,1.3049426,0.05599609999999999,0.0,0.0,0.0
29,1,10,1.306968,0.056868300000000094,0.0,0.0022052063,0.063950986
29,2,10,1.3052481,0.0560524,0.0,0.0019035401,0.055202663
29,3,10,1.305429,0.05565040000000021,0.0,0.00044088776,0.012785745
29,4,10,1.3066566,0.055357800000000124,0.0,0.0012619919,0.036597766
29,5,10,1.3053185,0.05595900000000009,0.0,0.0014669645,0.04254197
29,6,10,1.3069649,0.05653200000000003,0.0,0.0017432743,0.050554954
29,7,10,1.3055292,0.055555800000000044,0.0,0.0017360965,0.0503468
29,8,10,1.304973,0.05655340000000009,0.0,0.0011421406,0.033122078
29,9,10,1.3062351,0.05599450000000017,0.0,0.001380266,0.040027715
29,10,10,1.3044995,0.055439000000000016,0.0,0.0018223044,0.05284683
29,11,10,1.3054401,0.05672730000000015,0.0,0.0015951047,0.046258036
29,12,10,1.3072673,0.05573880000000009,0.0,0.0020774757,0.060246795
29,13,10,1.3074471,0.05698840000000005,0.0,0.0012624167,0.036610086
29,14,10,1.3076068,0.056413600000000175,0.0,0.000596495,0.017298356
29,15,10,1.305687,0.05709450000000005,0.0,0.0020370022,0.059073064
29,16,10,1.3070219,0.0574418000000001,0.0,0.0013793632,0.040001534
29,17,10,1.3078265,0.0577542000000002,0.0,0.0008631518,0.025031403
29,18,10,1.3065524,0.056426200000000204,0.0,0.0018403572,0.05337036
29,19,10,1.3069832,0.05707180000000012,0.0,0.0007761802,0.022509225
29,20,10,1.3069838,0.056216500000000114,0.0,0.0008553268,0.024804479
29,21,10,1.3061236,0.05803570000000002,0.0,0.002012374,0.058358848
29,22,10,1.3057414,0.05650410000000017,0.0,0.0015785648,0.04577838
29,23,10,1.307415,0.05711949999999999,0.0,0.0017831245,0.051710613
29,24,10,1.3054338,0.05770900000000001,0.0,0.0020670954,0.059945766
29,25,10,1.3070271,0.05602760000000018,0.0,0.0023163834,0.06717512
29,26,10,1.3060769,0.056568000000000174,0.0,0.0010931233,0.031700578
29,27,10,1.3074557,0.056272600000000006,0.0,0.0014100642,0.04089186
29,28,10,1.3065876,0.05553750000000002,0.0,0.0011375552,0.032989103
29,29,10,1.3062677,0.05630330000000017,0.0,0.00082990783,0.024067327
29,30,10,1.3058562,0.05571780000000004,0.0,0.00071559567,0.020752275
29,31,10,1.3071918,0.054910400000000026,0.0,0.0015607001,0.045260303
29,32,10,1.3068281,0.05592300000000017,0.0,0.0010759035,0.031201202
29,33,10,1.3073009,0.05684860000000014,0.0,0.0010394092,0.030142866
29,34,10,1.3069327,0.057513100000000206,0.0,0.0007596859,0.02203089
29,35,10,1.3063567,0.05630770000000007,0.0,0.0013359993,0.03874398
29,36,10,1.3072257,0.056714300000000106,0.0,0.0009594609,0.027824366
29,37,10,1.30444,0.05605080000000018,0.0,0.0028636141,0.08304481
29,38,10,1.3077474,0.05501810000000007,0.0,0.0034648238,0.10047989
29,39,10,1.3052255,0.055053200000000135,0.0,0.0025221177,0.07314141
29,40,10,1.3069469,0.05506190000000011,0.0,0.0017214041,0.04992072
29,41,10,1.3062472,0.05612180000000011,0.0,0.0012699849,0.03682956
29,42,10,1.3051727,0.0558573,0.0,0.0011066331,0.03209236
29,43,10,1.3058755,0.0555941000000002,0.0,0.00075052714,0.021765286
29,44,10,1.3052844,0.05601130000000021,0.0,0.0007235688,0.020983495
29,45,10,1.3069394,0.055392600000000014,0.0,0.0017668481,0.051238596
29,46,10,1.3054961,0.05593480000000017,0.0,0.0015417396,0.044710446
29,47,10,1.3061885,0.05533140000000003,0.0,0.0009184278,0.026634406
29,48,10,1.3067123,0.0556312000000001,0.0,0.0006035389,0.017502628
29,49,10,1.3061537,0.05482940000000003,0.0,0.0009772085,0.028339047
29,50,10,1.3063085,0.05467310000000003,0.0,0.00022000888,0.0063802577
29,51,10,1.305981,0.05510280000000001,0.0,0.0005402961,0.015668586
29,52,10,1.3051606,0.05487760000000019,0.0,0.0008507422,0.024671525
29,53,10,1.3043431,0.055259700000000134,0.0,0.00090240873,0.026169853
29,54,10,1.3051996,0.05655150000000009,0.0,0.0015499184,0.044947635
29,55,10,1.3065151,0.055218200000000106,0.0,0.0018729637,0.054315947
29,56,10,1.3047696,0.055538599999999994,0.0,0.0017746316,0.051464316
29,57,10,1.3071812,0.0565677,0.0,0.0026219657,0.076037005
29,58,10,1.3046771,0.056387900000000046,0.0,0.0025105546,0.07280608
29,59,10,1.3062907,0.0567377,0.0,0.001651088,0.04788155
29,60,10,1.307685,0.057252800000000104,0.0,0.00148638,0.04310502
29,61,10,1.3086623,0.05709450000000005,0.0,0.0009900171,0.028710496
29,62,10,1.3055526,0.05700990000000017,0.0,0.0031108418,0.09021442
29,63,10,1.3058912,0.05722120000000008,0.0,0.00039905004,0.011572451
29,64,10,1.3056524,0.05763420000000008,0.0,0.00047710878,0.013836155
29,65,10,1.3072321,0.05610040000000005,0.0,0.0022019062,0.06385528
29,66,10,1.3072757,0.05562030000000018,0.0,0.00048202366,0.013978686
29,67,10,1.3067312,0.05690050000000002,0.0,0.0013911454,0.040343218
29,68,10,1.307249,0.056275500000000145,0.0,0.0008115929,0.023536194
29,69,10,1.306503,0.05596790000000018,0.0,0.00080681394,0.023397604
29,70,10,1.3058805,0.055967600000000006,0.0,0.000622511,0.01805282
29,71,10,1.3058499,0.05684420000000001,0.0,0.0008772003,0.025438808
29,72,10,1.3071239,0.05604520000000002,0.0,0.0015038438,0.04361147
29,73,10,1.3082216,0.05687580000000003,0.0,0.0013765462,0.039919842
29,74,10,1.3062927,0.05692710000000001,0.0,0.0019296065,0.05595859
29,75,10,1.3066239,0.0564264000000001,0.0,0.00060035626,0.017410332
29,76,10,1.3062209,0.056657600000000086,0.0,0.00046462394,0.013474095
29,77,10,1.3059177,0.05666590000000005,0.0,0.00030326404,0.008794657
29,78,10,1.3066463,0.05659880000000017,0.0,0.0007316917,0.02121906
29,79,10,1.3090756,0.05635350000000017,0.0,0.0024416037,0.07080651
29,80,10,1.30737,0.05733120000000014,0.0,0.0019660199,0.057014577
29,81,10,1.3067844,0.055939300000000136,0.0,0.0015100421,0.043791223
29,82,10,1.3070275,0.056795700000000116,0.0,0.00089022587,0.02581655
29,83,10,1.3066354,0.05706790000000006,0.0,0.00047727817,0.0138410665
29,84,10,1.3101442,0.05669840000000015,0.0,0.0035282006,0.10231782
29,85,10,1.3085204,0.056980300000000206,0.0,0.0016480233,0.047792673
29,86,10,1.3065429,0.057337799999999994,0.0,0.0020096188,0.058278944
29,87,10,1.3097992,0.05633390000000005,0.0,0.0034075452,0.09881881
29,88,10,1.3079457,0.05723100000000003,0.0,0.0020591344,0.0597149
29,89,10,1.3071918,0.057089600000000074,0.0,0.0007670224,0.022243649
29,90,10,1.3066727,0.057277800000000045,0.0,0.00055222685,0.016014578
29,91,10,1.3064535,0.05747390000000019,0.0,0.00029413417,0.008529891
29,92,10,1.3098923,0.057991500000000196,0.0,0.0034775669,0.10084944
29,93,10,1.3086962,0.05664130000000012,0.0,0.0018038041,0.052310318
29,94,10,1.3054852,0.058432700000000004,0.0,0.0036767998,0.106627196
29,95,10,1.3064519,0.05749690000000007,0.0,0.0013454203,0.03901719
29,96,10,1.3062822,0.057355900000000126,0.0,0.00022069065,0.0064000287
29,97,10,1.3061507,0.0577812000000002,0.0,0.00044519894,0.012910769
29,98,10,1.3081546,0.05763320000000016,0.0,0.0020093704,0.05827174
29,99,10,1.3059149,0.05760620000000016,0.0,0.0022398662,0.06495612
29,100,10,1.3068664,0.05764200000000019,0.0,0.0009522004,0.027613811
29,101,10,1.3066399,0.056804100000000135,0.0,0.0008679946,0.025171844
29,102,10,1.3060577,0.05823660000000008,0.0,0.0015463321,0.044843633
29,103,10,1.3054905,0.058357800000000015,0.0,0.0005800099,0.016820287
29,104,10,1.3065425,0.05770350000000013,0.0,0.0012389151,0.03592854
29,105,10,1.306056,0.05884050000000007,0.0,0.0012367239,0.03586499
29,106,10,1.3062454,0.05698420000000004,0.0,0.0018659666,0.05411303
29,107,10,1.306427,0.05685970000000018,0.0,0.00022011681,0.0063833874
29,108,10,1.306959,0.055572900000000036,0.0,0.0013925073,0.040382713
29,109,10,1.3046103,0.05609760000000019,0.0,0.0024066872,0.06979393
29,110,10,1.3056399,0.056211800000000034,0.0,0.0010359249,0.030041821
29,111,10,1.3060133,0.05588040000000016,0.0,0.000499316,0.014480165
29,112,10,1.3072964,0.055226600000000126,0.0,0.0014400531,0.04176154
29,113,10,1.3053062,0.05699260000000006,0.0,0.0026608177,0.07716371
29,114,10,1.3070549,0.056003900000000106,0.0,0.0020088444,0.05825649
29,115,10,1.3066047,0.05700090000000002,0.0,0.0010938577,0.03172187
29,116,10,1.3060253,0.05681350000000007,0.0,0.0006090242,0.017661702
29,117,10,1.3068745,0.05571310000000018,0.0,0.0013900168,0.040310487
29,118,10,1.3054287,0.055931000000000175,0.0,0.0014621007,0.04240092
29,119,10,1.3068174,0.05688210000000016,0.0,0.0016831898,0.048812505
29,120,10,1.3086878,0.05555690000000002,0.0,0.0022923043,0.06647682
29,121,10,1.3050418,0.05723660000000019,0.0,0.0040143104,0.116415
29,122,10,1.3051511,0.0568839000000001,0.0,0.00036917662,0.010706122
29,123,10,1.305522,0.05656360000000005,0.0,0.00049003994,0.014211158
29,124,10,1.305394,0.056612100000000165,0.0,0.00013680418,0.0039673215
29,125,10,1.30492,0.05758320000000006,0.0,0.0010806298,0.031338263
29,126,10,1.3055754,0.05575930000000007,0.0,0.0019380879,0.05620455
29,127,10,1.307743,0.05610460000000006,0.0,0.0021949026,0.06365218
29,128,10,1.3073107,0.057312699999999994,0.0,0.0012831821,0.03721228
29,129,10,1.310646,0.05672900000000003,0.0,0.0033860581,0.09819569
29,130,10,1.3139625,0.05804790000000004,0.0,0.0035690484,0.1035024
29,131,10,1.32142,0.05970070000000005,0.0,0.007638462,0.2215154
29,132,10,1.32934,0.06385090000000004,0.0,0.008941509,0.25930375
29,133,10,1.3411047,0.06995940000000012,0.0,0.013256083,0.38442641
29,134,10,1.3585535,0.07641760000000009,0.0,0.018605588,0.53956205
29,135,10,1.3585181,0.07653360000000009,0.0,0.00012127388,0.0035169425
29,136,10,1.3971632,0.09720290000000009,0.0,0.043825336,1.2709347
29,137,10,1.3939006,0.0981611,0.0,0.0034003223,0.09860934
29,138,10,1.3940284,0.09812799999999999,0.0,0.00013201954,0.0038285668
29,139,10,1.3971219,0.09729660000000018,0.0,0.0032032474,0.092894174
29,140,10,1.3958113,0.09771400000000008,0.0,0.0013754347,0.039887607
29,141,10,1.3940693,0.09803410000000001,0.0,0.0017711883,0.051364463
29,142,10,1.3942741,0.09750780000000003,0.0,0.00056475203,0.016377809
29,143,10,1.4605299,0.15065455000000005,0.0,0.17027017,0.02192582733333333
29,144,10,1.5267857,0.20380130000000007,0.0,0.0010631267,0.027473845666666663
29,145,10,1.5257204,0.2042033000000001,0.0,0.0011386849,0.033021864
29,146,10,1.5249937,0.20300760000000007,0.0,0.0013991846,0.040576354
29,147,10,1.524934,0.20504520000000004,0.0,0.002038516,0.059116967
29,148,10,1.5626289500000001,0.26401715000000003,0.0,0.11782439,0.2510862446666666
29,149,10,1.6003239,0.32298910000000003,0.0,0.022334863,0.4430555223333333
29,150,10,1.6090767,0.3430611000000001,0.0,0.021897407,0.6350248
29,151,10,1.6101055,0.3440497,0.0,0.001426785,0.041376766
29,152,10,1.6256386,0.3893297,0.0,0.047870174,1.3882351
29,153,10,1.631628,0.41316390000000003,0.0,0.024575267,0.7126827
29,154,10,1.6360296,0.43347860000000016,0.0,0.020786066,0.6027959
29,155,10,1.640532,0.45670410000000006,0.0,0.023657931,0.68608
29,156,10,1.6464703,0.4799439000000001,0.0,0.023986422,0.69560623
29,157,10,1.6483449,0.5015986000000001,0.0,0.021735711,0.6303356
29,158,10,1.6491026,0.5294524,0.0,0.02786415,0.80806035
29,159,10,1.6503525,0.5510374,0.0,0.021621145,0.6270132
29,160,10,1.649928,0.5746287000000001,0.0,0.023595098,0.68425786
29,161,10,1.6474987,0.5977789,0.0,0.023277313,0.6750421
29,162,10,1.6448697,0.6213716,0.0,0.023738742,0.6884235
29,163,10,1.6408073,0.6433438,0.0,0.022344572,0.6479926
29,164,10,1.6334096,0.6657432000000001,0.0,0.023589395,0.68409246
29,165,10,1.6298711,0.6902075000000001,0.0,0.024718827,0.716846
29,166,10,1.623612,0.7124641600000001,0.0,0.023120027,0.6704808
29,167,10,1.6136794,0.7328442000000001,0.0,0.022671623,0.6574771
29,168,10,1.6067128,0.7591846600000001,0.0,0.027246183,0.7901393
29,169,10,1.5950866,0.7748346000000002,0.0,0.01949588,0.5653805
29,170,10,1.5898864,0.797124,0.0,0.02288796,0.6637508
29,171,10,1.5726858,0.8157794500000001,0.0,0.025374932,0.73587304
29,172,10,1.5638655,0.8384601000000002,0.0,0.024335345,0.705725
29,173,10,1.5520972,0.8595651400000001,0.0,0.024164375,0.70076686
29,174,10,1.5399055,0.8767111300000001,0.0,0.02103857,0.6101185
29,175,10,1.5202504,0.8910131500000001,0.0,0.024307836,0.70492727
29,176,10,1.5106447,0.9201091000000001,0.0,0.030640576,0.8885767
29,177,10,1.4970421,0.9337296,0.0,0.01924965,0.5582398
29,178,10,1.479389,0.9526359000000001,0.0,0.025866585,0.75013095
29,179,10,1.4619344,0.9608063000000001,0.0,0.019272147,0.55889225
29,180,10,1.4436347,0.9791487500000001,0.0,0.02590992,0.75138766
29,181,10,1.4261359,0.9951609400000001,0.0,0.023719193,0.6878566
29,182,10,1.406134,1.0064510000000002,0.0,0.022968266,0.6660797
29,183,10,1.3857125,1.0195161000000001,0.0,0.02424324,0.70305395
29,184,10,1.3653218,1.030175,0.0,0.023008563,0.6672483
29,185,10,1.340853,1.0357807300000001,0.0,0.025102703,0.7279784
29,186,10,1.3223845,1.0467043600000001,0.0,0.02145719,0.6222585
29,187,10,1.2985444,1.0568377400000002,0.0,0.025904333,0.75122565
29,188,10,1.2782998,1.0628682,0.0,0.021123683,0.6125868
29,189,10,1.2574625,1.0709612400000001,0.0,0.022353768,0.6482593
29,190,10,1.236652,1.076054,0.0,0.021424571,0.62131256
29,191,10,1.211761,1.08073146,0.0,0.025326697,0.73447424
29,192,10,1.1894401,1.0850403000000002,0.0,0.022732949,0.6592555
29,193,10,1.162095,1.0815701500000001,0.0,0.027564483,0.79937
29,194,10,1.1392066,1.08570594,0.0,0.023258958,0.67450976
29,195,10,1.115364,1.0870959,0.0,0.023883175,0.69261205
29,196,10,1.0942342,1.08499503,0.0,0.021233914,0.6157835
29,197,10,1.0698649,1.082413,0.0,0.024505764,0.7106672
29,198,10,1.0471069,1.07898873,0.0,0.023014184,0.6674113
29,199,10,1.024217,1.0773215,0.0,0.022950493,0.6655643
29,200,10,0.9988359,1.0713762,0.0,0.0260681,0.75597495
29,201,10,0.9758553,1.0656746000000001,0.0,0.023677366,0.6866436
29,202,10,0.95392084,1.0587646,0.0,0.02299714,0.6669171
29,203,10,0.93241006,1.05182696,0.0,0.022601865,0.6554541
29,204,10,0.911383,1.0425576,0.0,0.022979544,0.6664068
29,205,10,0.88994116,1.0333281,0.0,0.023343839,0.6769713
29,206,10,0.87004316,1.0220052000000002,0.0,0.022894077,0.6639282
29,207,10,0.8509271,1.0107432600000001,0.0,0.022186806,0.6434174
29,208,10,0.83017737,0.9979670700000001,0.0,0.024367668,0.70666236
29,209,10,0.81173337,0.98270405,0.0,0.023940364,0.69427055
29,210,10,0.7940141,0.9677161000000001,0.0,0.023207994,0.6730318
29,211,10,0.7764142,0.9551583000000001,0.0,0.02162069,0.62700003
29,212,10,0.7586991,0.9387473000000001,0.0,0.024148412,0.700304
29,213,10,0.7417939,0.9225129500000001,0.0,0.023438029,0.6797028
29,214,10,0.7271066,0.9051550700000001,0.0,0.02273792,0.6593997
29,215,10,0.70687586,0.8934375700000001,0.0,0.02337908,0.6779933
29,216,10,0.69303715,0.8757391600000001,0.0,0.022466497,0.6515284
29,217,10,0.67800075,0.8548187000000002,0.0,0.02576352,0.7471421
29,218,10,0.6663772,0.8361963000000001,0.0,0.021952242,0.63661504
29,219,10,0.65488183,0.8147523000000001,0.0,0.02433083,0.70559406
29,220,10,0.6427589,0.7940925400000001,0.0,0.023953924,0.6946638
29,221,10,0.63343894,0.7746367000000001,0.0,0.021572942,0.6256153
29,222,10,0.6251091,0.7544743000000002,0.0,0.021815343,0.63264495
29,223,10,0.6169988,0.7336271400000001,0.0,0.022369176,0.64870614
29,224,10,0.6101686,0.7124552000000001,0.0,0.022246402,0.64514565
29,225,10,0.6013254,0.6870090000000001,0.0,0.026939057,0.78123266
29,226,10,0.5981366,0.6656966000000002,0.0,0.021549592,0.6249382
29,227,10,0.592898,0.6409280000000002,0.0,0.025316516,0.73417896
29,228,10,0.5871536,0.6187441,0.0,0.02291557,0.66455156
29,229,10,0.58521354,0.5954676000000001,0.0,0.02335728,0.67736113
29,230,10,0.5822728,0.5706135000000001,0.0,0.025027432,0.7257955
29,231,10,0.5813004,0.5476850000000002,0.0,0.022949088,0.6655236
29,232,10,0.58217007,0.5279993000000001,0.0,0.019704947,0.5714435
29,233,10,0.5837293,0.5037846000000001,0.0,0.024264896,0.703682
29,234,10,0.5856525,0.48172840000000017,0.0,0.022139786,0.6420538
29,235,10,0.5897675,0.4590044000000002,0.0,0.023093618,0.6697149
29,236,10,0.5963174,0.4348236000000001,0.0,0.025052162,0.7265127
29,237,10,0.59920126,0.41222800000000004,0.0,0.022778932,0.66058904
29,238,10,0.60776347,0.3901683,0.0,0.023663068,0.686229
29,239,10,0.61273694,0.36761860000000013,0.0,0.0230917,0.6696593
29,240,10,0.6221688,0.3454490000000001,0.0,0.024092536,0.69868356
29,241,10,0.63103944,0.32596290000000017,0.0,0.021410175,0.6208951
29,242,10,0.6417191,0.30660640000000017,0.0,0.022107214,0.6411092
29,243,10,0.65038073,0.28503350000000016,0.0,0.023246847,0.6741586
29,244,10,0.6672463,0.2554826000000001,0.0,0.034025036,0.98672605
29,245,10,0.67208076,0.24585650000000014,0.0,0.010771843,0.31238344
29,246,10,0.6883669,0.2226180000000002,0.0,0.028377244,0.8229401
29,247,10,0.70969653,0.19762440000000003,0.0,0.03285773,0.9528742
29,248,10,0.7063909,0.1974661000000002,0.0,0.0033094026,0.09597268
29,249,10,0.73176897,0.16755940000000002,0.0,0.039223194,1.1374726
29,250,10,0.74912024,0.15481770000000017,0.0,0.021527125,0.6242866
29,251,10,0.7669608,0.13829400000000014,0.0,0.024317052,0.70519453
29,252,10,0.78369856,0.11843960000000009,0.0,0.025968267,0.7530797
29,253,10,0.80185515,0.10272920000000019,0.0,0.024009934,0.6962881
29,254,10,0.82091844,0.08961210000000008,0.0,0.023140157,0.67106456
29,255,10,0.8404886,0.07789960000000007,0.0,0.022807356,0.6614133
29,256,10,0.86344385,0.06646750000000012,0.0,0.025644392,0.7436874
29,257,10,0.87966007,0.05634860000000019,0.0,0.01911437,0.5543167
29,258,10,0.9017647,0.04727440000000005,0.0,0.023894677,0.69294566
29,259,10,0.9243314,0.036480100000000126,0.0,0.025015477,0.72544885
29,260,10,0.94772625,0.030012300000000103,0.0,0.024272421,0.7039002
29,261,10,0.96744007,0.020729200000000114,0.0,0.021790134,0.6319139
29,262,10,0.9951142,0.015734000000000137,0.0,0.028121348,0.8155191
29,263,10,1.0140945,0.010642200000000157,0.0,0.01965138,0.56989
29,264,10,1.0385821,0.007278300000000071,0.0,0.024717579,0.7168098
29,265,10,1.0626854,0.0021788000000000363,0.0,0.024636833,0.7144682
29,266,10,1.0864736,0.0009035000000001681,0.0,0.023822373,0.6908488
29,267,10,1.1126518,0.00010590000000010313,0.0,0.026190389,0.7595213
29,268,10,1.1300484,0.0,0.0,0.017396891,0.50450987
29,269,10,1.1557776,0.0005531000000000841,0.0,0.025735123,0.7463186
29,270,10,1.177143,0.0024463000000001234,0.0,0.021449115,0.62202436
29,271,10,1.2012842,0.004074200000000028,0.0,0.024196018,0.70168453
29,272,10,1.2266673,0.009877400000000147,0.0,0.026038049,0.7551034
29,273,10,1.2470741,0.015636800000000006,0.0,0.021203995,0.61491585
29,274,10,1.2704581,0.02178010000000019,0.0,0.024177484,0.701147
29,275,10,1.293807,0.02793880000000004,0.0,0.024147507,0.7002777
29,276,10,1.3155335,0.03583069999999999,0.0,0.023115413,0.670347
29,277,10,1.3343369,0.04361730000000019,0.0,0.020351807,0.5902024
29,278,10,1.355986,0.05405530000000014,0.0,0.024034103,0.696989
29,279,10,1.3780608,0.06566070000000002,0.0,0.024939576,0.7232477
29,280,10,1.3788239,0.06555090000000008,0.0,0.0007709168,0.022356588
29,281,10,1.3776811,0.06531039999999999,0.0,0.001167787,0.033865824
29,282,10,1.4107644499999998,0.10421920000000018,0.0,0.077339895,0.024648229200000003
29,283,10,1.4438478,0.1042402,0.0,0.0006735017,0.0154306344
29,284,10,1.4437714,0.10404000000000013,0.0,0.00021424274,0.0062130396
29,285,10,1.4438328,0.1045790000000002,0.0,0.0005424307,0.015730489
29,286,10,1.4447144,0.10367910000000014,0.0,0.0012598353,0.036535226
29,287,10,1.4438927,0.10416820000000016,0.0,0.00095626403,0.027731657
29,288,10,1.444741,0.10364760000000017,0.0,0.0009952951,0.028863559
29,289,10,1.444907,0.10350120000000018,0.0,0.00022128173,0.00641717
29,290,10,1.4435325,0.10419330000000016,0.0,0.0015389109,0.044628415
29,291,10,1.5208785,0.18736875000000008,0.0,0.20348181,0.26402190999999997
29,292,10,1.5982245,0.2705442,0.0,0.024214521,0.4834154049999999
29,293,10,1.609888,0.2917877000000002,0.0,0.02423479,0.7028089
29,294,10,1.6090568,0.2900952000000001,0.0,0.0018855879,0.05468205
29,295,10,1.6284457,0.3344747000000001,0.0,0.04843003,1.4044708
29,296,10,1.6355566,0.35520600000000013,0.0,0.021916935,0.63559115
29,297,10,1.6357538,0.3551304000000002,0.0,0.00021116108,0.0061236713
29,298,10,1.6498827,0.40089750000000013,0.0,0.04789834,1.3890519
29,299,10,1.65541,0.4244658000000001,0.0,0.024207756,0.70202494
29,300,10,1.6629739,0.45006460000000015,0.0,0.02669285,0.7740927
29,301,10,1.6664999,0.4718107,0.0,0.02203016,0.63887465
29,302,10,1.6672786,0.4913508000000002,0.0,0.019555585,0.56711197
29,303,10,1.6693479,0.5156216,0.0,0.024358822,0.7064058
29,304,10,1.6683652,0.5383286,0.0,0.022728357,0.65912235
29,305,10,1.6678948,0.5631635000000002,0.0,0.024839325,0.72034043
29,306,10,1.6638306,0.5827818,0.0,0.02003483,0.58101004
29,307,10,1.6612797,0.606468,0.0,0.02382314,0.69087106
29,308,10,1.6584655,0.6306453000000001,0.0,0.024340542,0.7058757
29,309,10,1.6544751,0.6567861000000002,0.0,0.026443625,0.76686513
29,310,10,1.6477882,0.6755526000000001,0.0,0.019922283,0.5777462
29,311,10,1.6411974,0.69818807,0.0,0.023575446,0.6836879
29,312,10,1.6352607,0.7235175400000001,0.0,0.026015898,0.75446105
29,313,10,1.6262026,0.7436269000000001,0.0,0.022055287,0.6396033
29,314,10,1.6156527,0.7644605700000001,0.0,0.023352565,0.6772244
29,315,10,1.6049253,0.7865125000000001,0.0,0.024522742,0.7111595
29,316,10,1.5934991,0.8082352300000001,0.0,0.02454456,0.71179223
29,317,10,1.578846,0.8295086700000001,0.0,0.025831608,0.74911666
29,318,10,1.5669446,0.8490683000000001,0.0,0.022895887,0.6639807
29,319,10,1.5521696,0.8637756000000001,0.0,0.020847235,0.6045698
29,320,10,1.537481,0.8819536000000001,0.0,0.023370804,0.6777533
29,321,10,1.5285137,0.8994854000000001,0.0,0.019692043,0.57106924
29,322,10,1.5106213,0.9194402000000002,0.0,0.02680169,0.77724904
29,323,10,1.495803,0.9388877000000001,0.0,0.024449699,0.70904124
29,324,10,1.4747924,0.9509193300000001,0.0,0.024211705,0.70213944
29,325,10,1.4606906,0.9696580000000001,0.0,0.023452027,0.6801088
29,326,10,1.4399495,0.9807458600000001,0.0,0.023518791,0.682045
29,327,10,1.4188085,0.9925036500000001,0.0,0.024190696,0.70153016
29,328,10,1.3994246,1.0084579000000002,0.0,0.025105262,0.7280526
29,329,10,1.3782884,1.0184492500000002,0.0,0.023378719,0.67798287
29,330,10,1.3590591,1.0305240000000002,0.0,0.022706073,0.6584761
29,331,10,1.3388269,1.0389002,0.0,0.021897541,0.6350287
29,332,10,1.3164576,1.0462558300000002,0.0,0.023547597,0.68288034
29,333,10,1.2930042,1.05396635,0.0,0.024688408,0.71596384
29,334,10,1.2714741,1.0600401000000002,0.0,0.02237036,0.6487405
29,335,10,1.2495481,1.0689686,0.0,0.02367423,0.68655264
29,336,10,1.2243623,1.0663827000000001,0.0,0.025318226,0.73422855
29,337,10,1.2030432,1.07215727,0.0,0.02208725,0.6405302
29,338,10,1.1816463,1.0760516,0.0,0.02174838,0.63070303
29,339,10,1.1599786,1.0786249700000001,0.0,0.021819998,0.63277996
29,340,10,1.1344976,1.0748346500000001,0.0,0.02576135,0.74707913
29,341,10,1.110419,1.0735918,0.0,0.024110662,0.6992092
29,342,10,1.0875757,1.0705687000000002,0.0,0.023042532,0.6682334
29,343,10,1.0633677,1.0693287000000002,0.0,0.024239685,0.7029509
29,344,10,1.0393487,1.0672661700000001,0.0,0.024107398,0.69911456
29,345,10,1.0162907,1.0608925,0.0,0.023922738,0.6937594
29,346,10,0.9949575,1.0584668000000002,0.0,0.021470627,0.6226482
29,347,10,0.97164816,1.0523237,0.0,0.024105256,0.69905245
29,348,10,0.9522425,1.0453009,0.0,0.020637332,0.5984826
29,349,10,0.92953336,1.0368618,0.0,0.024226503,0.7025686
29,350,10,0.9084251,1.02698547,0.0,0.023304516,0.67583096
29,351,10,0.88660735,1.0135348,0.0,0.025630739,0.74329144
29,352,10,0.867045,1.0038039,0.0,0.021848936,0.6336191
29,353,10,0.84476644,0.9926714300000001,0.0,0.024905136,0.722249
29,354,10,0.82649523,0.9785106000000001,0.0,0.02311635,0.67037416
29,355,10,0.80547976,0.9636985700000001,0.0,0.025710829,0.74561405
29,356,10,0.7879163,0.9494229600000001,0.0,0.022633344,0.656367
29,357,10,0.7728271,0.9374058000000001,0.0,0.019289784,0.5594037
29,358,10,0.75853884,0.9190484300000001,0.0,0.023262586,0.674615
29,359,10,0.74094385,0.90246135,0.0,0.02418088,0.70124555
29,360,10,0.72085327,0.8898543000000001,0.0,0.023718532,0.6878374
29,361,10,0.7055455,0.8714949000000001,0.0,0.023903904,0.6932132
29,362,10,0.69173664,0.8486796000000001,0.0,0.026668737,0.7733934
29,363,10,0.67616904,0.8294234000000001,0.0,0.02476192,0.7180957
29,364,10,0.6650346,0.8113205000000001,0.0,0.021253007,0.6163372
29,365,10,0.65478396,0.7912994700000001,0.0,0.022492591,0.65228516
29,366,10,0.64500797,0.7684464500000001,0.0,0.024856197,0.7208297
29,367,10,0.6360773,0.7478000600000001,0.0,0.022495126,0.65235865
29,368,10,0.6305116,0.7290284000000001,0.0,0.019579371,0.5678018
29,369,10,0.62211657,0.7063041400000001,0.0,0.024225373,0.7025358
29,370,10,0.615304,0.6818132400000001,0.0,0.025420757,0.7372019
29,371,10,0.60980046,0.6584213000000001,0.0,0.024030663,0.6968892
29,372,10,0.6054231,0.6370734,0.0,0.021792047,0.63196933
29,373,10,0.6010634,0.6136332,0.0,0.023842234,0.6914248
29,374,10,0.5995366,0.5916128,0.0,0.022073206,0.64012295
29,375,10,0.5990731,0.5688836000000002,0.0,0.022734003,0.6592861
29,376,10,0.5968428,0.5451696000000001,0.0,0.023818595,0.6907393
29,377,10,0.5974234,0.5215113,0.0,0.023665396,0.6862965
29,378,10,0.5991473,0.5001668000000001,0.0,0.021414049,0.62100744
29,379,10,0.60192007,0.47371950000000007,0.0,0.026592247,0.77117515
29,380,10,0.60503536,0.4488242,0.0,0.02508947,0.7275947
29,381,10,0.6113853,0.42669080000000004,0.0,0.023026219,0.6677604
29,382,10,0.61472744,0.40391470000000007,0.0,0.023020035,0.667581
29,383,10,0.62223935,0.38351540000000006,0.0,0.02173848,0.6304159
29,384,10,0.62858224,0.36278010000000016,0.0,0.021683713,0.6288277
29,385,10,0.6363427,0.34272120000000017,0.0,0.021507746,0.62372464
29,386,10,0.6474553,0.3179077000000001,0.0,0.027188245,0.7884591
29,387,10,0.65800136,0.2980066000000001,0.0,0.022522684,0.65315783
29,388,10,0.66803044,0.27767280000000016,0.0,0.022672655,0.657507
29,389,10,0.68147534,0.2532514000000001,0.0,0.027877714,0.80845374
29,390,10,0.6986102,0.22833880000000017,0.0,0.030236408,0.87685585
29,391,10,0.7125231,0.2122548000000002,0.0,0.021266563,0.61673033
29,392,10,0.72796917,0.19348410000000005,0.0,0.024308845,0.70495653
29,393,10,0.72912735,0.19357820000000014,0.0,0.0011620003,0.03369801
29,394,10,0.7540166,0.16551720000000003,0.0,0.037508603,1.0877495
29,395,10,0.7704218,0.1498505000000001,0.0,0.022684304,0.65784484
29,396,10,0.7859715,0.12888750000000004,0.0,0.02610056,0.7569162
29,397,10,0.8049918,0.11265040000000015,0.0,0.025008298,0.72524065
29,398,10,0.8247788,0.09877040000000004,0.0,0.02416983,0.7009251
29,399,10,0.8438278,0.08590140000000002,0.0,0.022988588,0.6666691
29,400,10,0.8648929,0.07342610000000005,0.0,0.024482055,0.7099796
29,401,10,0.8836774,0.06209500000000001,0.0,0.02193745,0.63618606
29,402,10,0.90466315,0.05267300000000019,0.0,0.023003822,0.66711086
29,403,10,0.92743105,0.042578500000000075,0.0,0.024905356,0.7222553
29,404,10,0.94947976,0.036320700000000095,0.0,0.022919541,0.6646667
29,405,10,0.9731807,0.02819220000000011,0.0,0.025056098,0.7266268
29,406,10,0.9966321,0.020395900000000022,0.0,0.02471335,0.71668714
29,407,10,1.0191169,0.014523500000000134,0.0,0.023238977,0.67393035
29,408,10,1.0395349,0.01083640000000008,0.0,0.020748295,0.60170054
29,409,10,1.0651165,0.008003500000000052,0.0,0.025737977,0.7464013
29,410,10,1.0839347,0.0022290000000000365,0.0,0.019684186,0.57084143
29,411,10,1.1098357,0.0016021000000001617,0.0,0.025908664,0.75135124
29,412,10,1.1317569,0.003037900000000038,0.0,0.021968134,0.6370759
29,413,10,1.1547824,0.00156590000000012,0.0,0.023072517,0.66910297
29,414,10,1.1788396,0.004038000000000208,0.0,0.024183827,0.70133096
29,415,10,1.2049937,0.006460400000000144,0.0,0.026266107,0.76171714
29,416,10,1.2279861,0.00955729999999999,0.0,0.023199989,0.67279965
29,417,10,1.2523664,0.01373700000000011,0.0,0.024736013,0.7173444
29,418,10,1.2738534,0.020400100000000032,0.0,0.022496393,0.6523954
29,419,10,1.2995883,0.024630400000000163,0.0,0.026080284,0.7563282
29,420,10,1.3172104,0.0350077000000002,0.0,0.020450598,0.59306735
29,421,10,1.3417708,0.043380500000000044,0.0,0.025948284,0.75250024
29,422,10,1.3620105,0.05222270000000018,0.0,0.022086894,0.6405199
29,423,10,1.3849598,0.06454430000000011,0.0,0.026047913,0.7553895
29,424,10,1.3843749,0.0640919000000002,0.0,0.0007394885,0.021445166
29,425,10,1.4246616,0.0870651,0.0,0.046376627,1.3449222
29,426,10,1.4242368,0.08674100000000018,0.0,0.00053438556,0.015497182
29,427,10,1.4244107,0.08660080000000003,0.0,0.00022339124,0.006478346
29,428,10,1.4247311,0.08664880000000008,0.0,0.00032401588,0.009396461
29,429,10,1.4232224,0.08786060000000018,0.0,0.0019350924,0.05611768
29,430,10,1.4696156500000002,0.12032120000000013,0.0,0.113375954,0.046725021000000005
29,431,10,1.5160089,0.15278180000000008,0.0,0.00074793794,0.037332362
29,432,10,1.5164965,0.15195100000000017,0.0,0.00096343807,0.027939703
29,433,10,1.5178384,0.15105210000000002,0.0,0.0016150511,0.04683648
29,434,10,1.54912015,0.1893469000000001,0.0,0.098985836,0.033647785
29,435,10,1.5804019,0.22764170000000017,0.0,0.0001115002,0.02045909
29,436,10,1.5804573,0.2273972000000002,0.0,0.00025070328,0.007270395
29,437,10,1.5802019,0.2273628000000001,0.0,0.00025777807,0.007475564
29,438,10,1.6254886,0.27767985000000006,0.0,0.09010918,0.36529174699999994
29,439,10,1.635736,0.32799690000000004,0.0,0.024934756,0.72310793
29,440,10,1.6362653,0.3283387000000002,0.0,0.00063010905,0.018273162
29,441,10,1.6533487,0.3715391000000001,0.0,0.046455517,1.34721
29,442,10,1.6587551,0.3930596000000002,0.0,0.022189202,0.64348686
29,443,10,1.6606063,0.41208730000000005,0.0,0.019117549,0.5544089
29,444,10,1.6672387,0.4358854000000001,0.0,0.024705045,0.7164463
29,445,10,1.6720195,0.45872780000000013,0.0,0.023337338,0.6767828
29,446,10,1.6746825,0.4812363000000002,0.0,0.022665488,0.65729916
29,447,10,1.6769075,0.5029216000000001,0.0,0.021799095,0.6321738
29,448,10,1.6759816,0.5265124000000001,0.0,0.023608966,0.68466
29,449,10,1.6748035,0.5488930000000001,0.0,0.02241158,0.6499358
29,450,10,1.6746206,0.5761402,0.0,0.027247805,0.79018635
29,451,10,1.672497,0.6005282000000001,0.0,0.024480356,0.7099303
29,452,10,1.6692337,0.6233132000000001,0.0,0.023017459,0.6675063
29,453,10,1.6638994,0.6426406,0.0,0.020050008,0.5814502
29,454,10,1.6587484,0.6651783,0.0,0.023118854,0.67044675
29,455,10,1.6543953,0.6911095000000002,0.0,0.026294013,0.7625264
29,456,10,1.6460601,0.7124915,0.0,0.022949237,0.6655279
29,457,10,1.6382377,0.7335784000000001,0.0,0.022491021,0.6522396
29,458,10,1.6283423,0.7545439600000001,0.0,0.023183512,0.67232186
29,459,10,1.618379,0.7778278600000001,0.0,0.02532601,0.7344543
29,460,10,1.6053152,0.7954390000000001,0.0,0.021927495,0.63589734
29,461,10,1.595307,0.8204523000000001,0.0,0.026941193,0.7812946
29,462,10,1.5814402,0.8332052000000001,0.0,0.018839464,0.54634446
29,463,10,1.5692538,0.8558030000000001,0.0,0.02567428,0.7445541
29,464,10,1.554163,0.8717756300000001,0.0,0.021974016,0.6372465
29,465,10,1.5454979,0.8958403000000001,0.0,0.025577169,0.7417379
29,466,10,1.5310078,0.9135026,0.0,0.022845572,0.6625216
29,467,10,1.5103405,0.9218218000000001,0.0,0.022278845,0.6460865
29,468,10,1.4963644,0.9460944600000001,0.0,0.028008824,0.8122559
29,469,10,1.4769821,0.9585882500000001,0.0,0.02306005,0.66874146
29,470,10,1.4574978,0.9744471000000001,0.0,0.025122495,0.72855234
29,471,10,1.4387146,0.9861274000000001,0.0,0.022118738,0.64144343
29,472,10,1.4184788,0.9984656600000001,0.0,0.02370063,0.68731827
29,473,10,1.3985631,1.0146251400000001,0.0,0.025646904,0.7437602
29,474,10,1.3782318,1.021918,0.0,0.021599792,0.626394
29,475,10,1.3594162,1.0311295,0.0,0.020949345,0.607531
29,476,10,1.3361136,1.0396684,0.0,0.024817886,0.7197187
29,477,10,1.3127186,1.0474413,0.0,0.024652416,0.71492004
29,478,10,1.2882475,1.0500021,0.0,0.024604786,0.7135388
29,479,10,1.2672852,1.0596042,0.0,0.02305678,0.66864663
29,480,10,1.2442992,1.0661317000000001,0.0,0.023894927,0.6929529
29,481,10,1.2227287,1.0680994000000001,0.0,0.021660004,0.6281401
29,482,10,1.1993175,1.0706407000000002,0.0,0.023548799,0.68291515
29,483,10,1.1821562,1.0764542000000001,0.0,0.018119209,0.525457
29,484,10,1.1543211,1.0729634000000001,0.0,0.028053168,0.8135419
29,485,10,1.13187,1.0755607500000002,0.0,0.022600785,0.65542275
29,486,10,1.107394,1.07354915,0.0,0.024558576,0.7121987
29,487,10,1.0840129,1.0714513,0.0,0.02347504,0.6807762
29,488,10,1.0598836,1.06752044,0.0,0.02444736,0.7089734
29,489,10,1.0359225,1.06098134,0.0,0.024837324,0.72028244
29,490,10,1.0130082,1.0578891700000002,0.0,0.023121987,0.6705376
29,491,10,0.99270004,1.05647964,0.0,0.020357054,0.59035456
29,492,10,0.96980304,1.04318256,0.0,0.026478013,0.7678624
29,493,10,0.94833136,1.0378952700000001,0.0,0.022113083,0.6412794
29,494,10,0.9259397,1.02761096,0.0,0.024640497,0.7145744
29,495,10,0.9064648,1.0173805000000002,0.0,0.021998478,0.63795584
29,496,10,0.88455474,1.0089162600000001,0.0,0.023488171,0.681157
29,497,10,0.8652464,0.9942787000000001,0.0,0.02422954,0.7026566
29,498,10,0.84684086,0.9826724000000001,0.0,0.021759368,0.6310217
29,499,10,0.8265395,0.9689401000000001,0.0,0.024509609,0.71077865
29,500,10,0.8089985,0.9556430600000001,0.0,0.022011295,0.63832754
29,501,10,0.790119,0.9382535000000001,0.0,0.025667736,0.7443644
29,502,10,0.775458,0.9265767400000001,0.0,0.018742805,0.5435414
29,503,10,0.7597797,0.9061863000000001,0.0,0.025721181,0.7459143
29,504,10,0.7384617,0.8934049000000001,0.0,0.024856018,0.72082454
29,505,10,0.7224807,0.8749830000000001,0.0,0.02438764,0.7072416
29,506,10,0.708341,0.8582730300000001,0.0,0.021889608,0.63479865
29,507,10,0.6981811,0.8392106000000001,0.0,0.021600952,0.62642765
29,508,10,0.68390816,0.82009536,0.0,0.023855979,0.69182336
29,509,10,0.67322594,0.7987133300000001,0.0,0.02390191,0.6931554
29,510,10,0.6639269,0.7789259600000001,0.0,0.02186349,0.63404125
29,511,10,0.65371835,0.7581630400000001,0.0,0.023136837,0.6709683
29,512,10,0.6443145,0.7360526000000001,0.0,0.024027161,0.69678766
29,513,10,0.6377312,0.7138442000000002,0.0,0.023163613,0.67174476
29,514,10,0.6293723,0.6901871600000001,0.0,0.025090355,0.7276203
29,515,10,0.6248251,0.6682974000000002,0.0,0.022357052,0.64835453
29,516,10,0.6192645,0.6452135000000001,0.0,0.023744226,0.68858254
29,517,10,0.61375153,0.6256900000000001,0.0,0.020286934,0.5883211
29,518,10,0.6104835,0.6017002,0.0,0.024211364,0.70212954
29,519,10,0.6095014,0.5789061000000002,0.0,0.022815276,0.661643
29,520,10,0.6089382,0.5562412000000001,0.0,0.0226719,0.6574851
29,521,10,0.60888964,0.5308546000000001,0.0,0.025386618,0.73621196
29,522,10,0.61082524,0.5072805,0.0,0.023653444,0.68594986
29,523,10,0.6134936,0.48266220000000004,0.0,0.02476246,0.71811134
29,524,10,0.6158557,0.45997100000000013,0.0,0.02281386,0.66160196
29,525,10,0.6189133,0.4369637000000002,0.0,0.023209557,0.67307717
29,526,10,0.62657744,0.4152534000000001,0.0,0.023023363,0.6676775
29,527,10,0.6295028,0.39435260000000016,0.0,0.021104572,0.6120326
29,528,10,0.6376283,0.3737279,0.0,0.022167547,0.64285886
29,529,10,0.64347917,0.35299040000000015,0.0,0.021547101,0.62486595
29,530,10,0.65181345,0.3321516,0.0,0.022443555,0.6508631
29,531,10,0.66419363,0.3096757000000001,0.0,0.02566004,0.74414116
29,532,10,0.6772556,0.28567920000000013,0.0,0.027321145,0.7923132
29,533,10,0.6849171,0.2700764,0.0,0.01738238,0.504089
29,534,10,0.6999022,0.24660800000000016,0.0,0.027844522,0.8074911
29,535,10,0.7118094,0.22952860000000008,0.0,0.02082043,0.6037925
29,536,10,0.728795,0.20447330000000008,0.0,0.030270085,0.8778325
29,537,10,0.742501,0.18520140000000018,0.0,0.023648666,0.68581134
29,538,10,0.75491554,0.17743900000000012,0.0,0.014641568,0.4246055
29,539,10,0.7752751,0.15924470000000013,0.0,0.02730468,0.7918357
29,540,10,0.78896064,0.14100810000000008,0.0,0.02280053,0.66121536
29,541,10,0.80703044,0.12403800000000009,0.0,0.024789192,0.71888655
29,542,10,0.8246371,0.10975390000000007,0.0,0.022672262,0.6574956
29,543,10,0.8443624,0.09732700000000016,0.0,0.023313358,0.6760874
29,544,10,0.8642353,0.08621030000000007,0.0,0.02277091,0.6603564
29,545,10,0.8863794,0.07327570000000017,0.0,0.025644997,0.7437049
29,546,10,0.9039052,0.06444930000000015,0.0,0.019622901,0.56906414
29,547,10,0.92769897,0.05408880000000016,0.0,0.025951538,0.7525946
29,548,10,0.94926506,0.045369900000000074,0.0,0.023261916,0.67459553
29,549,10,0.9719595,0.03652790000000006,0.0,0.024356047,0.70632535
29,550,10,0.9903413,0.027944799999999992,0.0,0.020286964,0.588322
29,551,10,1.0167716,0.022911400000000137,0.0,0.026905257,0.78025246
29,552,10,1.0365343,0.017441600000000168,0.0,0.020505736,0.59466636
29,553,10,1.0590158,0.013127300000000064,0.0,0.022891667,0.66385835
29,554,10,1.0848228,0.011815800000000154,0.0,0.025840329,0.74936956
29,555,10,1.1041635,0.007888700000000082,0.0,0.019735424,0.5723273
29,556,10,1.1296664,0.007917400000000185,0.0,0.025502937,0.73958516
29,557,10,1.1497779,0.006774700000000022,0.0,0.020143881,0.58417255
29,558,10,1.1756413,0.008403099999999997,0.0,0.025914622,0.75152403
29,559,10,1.1984997,0.010302600000000162,0.0,0.022937167,0.6651779
29,560,10,1.2214088,0.014619200000000054,0.0,0.023312306,0.67605686
29,561,10,1.2448485,0.01750100000000021,0.0,0.02361613,0.68486774
29,562,10,1.26861,0.022450200000000198,0.0,0.024271468,0.70387256
29,563,10,1.2879778,0.028023800000000154,0.0,0.020153848,0.5844616
29,564,10,1.3094335,0.03479040000000011,0.0,0.022497356,0.6524233
29,565,10,1.3322803,0.0409583,0.0,0.02366474,0.6862775
29,566,10,1.3555658,0.050604800000000116,0.0,0.025204575,0.73093265
29,567,10,1.3769164,0.06111310000000003,0.0,0.0237965,0.6900985
29,568,10,1.4005365,0.07102730000000013,0.0,0.02561642,0.7428762
29,569,10,1.4004372,0.07095110000000004,0.0,0.0001251533,0.0036294456
29,570,10,1.3993583,0.0713817000000001,0.0,0.0011617074,0.033689518
29,571,10,1.3995888,0.07139680000000004,0.0,0.00023104732,0.0067003723
29,572,10,1.399688,0.07094610000000001,0.0,0.00046151373,0.013383898
29,573,10,1.3988466,0.07182730000000004,0.0,0.0012183692,0.03533271
29,574,10,1.3997247,0.07141020000000009,0.0,0.00097212935,0.02819175
29,575,10,1.3998234,0.07148680000000018,0.0,0.0001249728,0.003624211
29,576,10,1.3987066,0.07149090000000013,0.0,0.0011168792,0.032389496
29,577,10,1.4808740999999999,0.13615650000000012,0.0,0.20862356,0.48460053066666675
29,578,10,1.5630416,0.20082210000000011,0.0,0.0010571554,0.9368115653333334
29,579,10,1.5921408,0.2388667000000002,0.0,0.04789733,1.3890226
29,580,10,1.6051005,0.25641230000000004,0.0,0.021812879,0.6325735
29,581,10,1.6173915,0.2759684,0.0,0.02309786,0.66983795
29,582,10,1.62733,0.29806580000000005,0.0,0.024229448,0.702654
29,583,10,1.6380596,0.3177185,0.0,0.022390967,0.64933807
29,584,10,1.6380596,0.3177185,0.0,0.0,0.0
29,585,10,1.6381698,0.3181522000000001,0.0,0.000447453,0.012976137
29,586,10,1.6379374,0.31831750000000003,0.0,0.0002851662,0.008269819
29,587,10,1.6678514,0.3747498,0.0,0.09702619,0.232838196
29,588,10,1.6727014,0.4311821,0.0,0.021129062,0.457406573
29,589,10,1.6773447,0.4542356000000001,0.0,0.023516377,0.68197495
29,590,10,1.6785766,0.47427320000000006,0.0,0.020075483,0.582189
29,591,10,1.6814809,0.49683520000000003,0.0,0.022748187,0.6596974
29,592,10,1.6828116,0.5224965000000001,0.0,0.025695711,0.74517566
29,593,10,1.6809013,0.5433174000000001,0.0,0.020908428,0.6063444
29,594,10,1.681965,0.5709333000000001,0.0,0.027636383,0.8014551
29,595,10,1.6792985,0.5938830000000002,0.0,0.02310408,0.6700184
29,596,10,1.6778512,0.6163102,0.0,0.022473853,0.65174174
29,597,10,1.6728235,0.6364018,0.0,0.020711036,0.60062003
29,598,10,1.6664671,0.6608151000000002,0.0,0.025227293,0.7315915
29,599,10,1.660541,0.6814404000000001,0.0,0.021459738,0.6223324
29,600,10,1.6532035,0.7028332,0.0,0.02261615,0.65586835
29,601,10,1.6477835,0.7283168000000001,0.0,0.026053606,0.75555456
29,602,10,1.6336402,0.7436368500000001,0.0,0.020850386,0.6046612
29,603,10,1.6235957,0.7671541000000001,0.0,0.025572488,0.7416022
29,604,10,1.6150151,0.7874134000000002,0.0,0.022001505,0.63804364
29,605,10,1.6051455,0.8117304000000001,0.0,0.026243584,0.76106393
29,606,10,1.5915215,0.8284791000000001,0.0,0.02159009,0.6261126
29,607,10,1.5809145,0.8520247000000001,0.0,0.025824448,0.748909
29,608,10,1.5637283,0.8711635500000001,0.0,0.025722766,0.74596024
29,609,10,1.5571231,0.8924511,0.0,0.022288783,0.6463747
29,610,10,1.5410063,0.9090251400000001,0.0,0.023118122,0.67042553
29,611,10,1.5212276,0.9219891000000001,0.0,0.023648724,0.685813
29,612,10,1.5062596,0.9411639600000001,0.0,0.024325253,0.70543236
29,613,10,1.4861889,0.9585720000000001,0.0,0.026568228,0.7704786
29,614,10,1.4638371,0.9649834700000001,0.0,0.02325312,0.6743405
29,615,10,1.4455881,0.9800916000000001,0.0,0.023691395,0.68705046
29,616,10,1.4278408,0.9957966000000001,0.0,0.02369841,0.6872539
29,617,10,1.4077789,1.0074238000000002,0.0,0.023187807,0.6724464
29,618,10,1.3869857,1.0148426000000002,0.0,0.022077024,0.6402337
29,619,10,1.3677791,1.0270188,0.0,0.022740949,0.65948755
29,620,10,1.3460051,1.03723944,0.0,0.024053503,0.6975516
29,621,10,1.31985,1.0398558000000002,0.0,0.026285648,0.7622838
29,622,10,1.2980676,1.0499988,0.0,0.024028195,0.69681764
29,623,10,1.2769451,1.05340815,0.0,0.021395832,0.62047917
29,624,10,1.254429,1.0581075000000002,0.0,0.023001306,0.66703784
29,625,10,1.2334116,1.0652126000000002,0.0,0.022185922,0.6433917
29,626,10,1.2096393,1.0705329000000001,0.0,0.024360318,0.7064492
29,627,10,1.1911085,1.07053185,0.0,0.018530846,0.5373945
29,628,10,1.163732,1.06929505,0.0,0.027404336,0.7947258
29,629,10,1.137873,1.0673472,0.0,0.025932258,0.7520355
29,630,10,1.1140014,1.0674087,0.0,0.023871738,0.6922804
29,631,10,1.0895692,1.0663182,0.0,0.024456507,0.7092387
29,632,10,1.0691518,1.0646052000000001,0.0,0.02048919,0.5941865
29,633,10,1.0448618,1.06041944,0.0,0.024647979,0.7147914
29,634,10,1.0242342,1.0522769,0.0,0.02217655,0.64312
29,635,10,1.002576,1.0444841400000002,0.0,0.023017475,0.6675068
29,636,10,0.98197615,1.0387162600000002,0.0,0.021392101,0.6203709
29,637,10,0.96028847,1.0303539700000002,0.0,0.023244003,0.6740761
29,638,10,0.93727136,1.0200440300000002,0.0,0.025220666,0.7313993
29,639,10,0.91500217,1.00949175,0.0,0.0246428,0.7146412
29,640,10,0.8968299,0.9979816000000001,0.0,0.021510797,0.6238131
29,641,10,0.875757,0.9848298500000001,0.0,0.02484023,0.72036666
29,642,10,0.8554613,0.9739623700000001,0.0,0.023022091,0.6676406
29,643,10,0.8378631,0.9596460000000001,0.0,0.022686027,0.6578948
29,644,10,0.819923,0.9487259400000001,0.0,0.021002257,0.6090655
29,645,10,0.8013873,0.9305481000000001,0.0,0.025961626,0.7528872
29,646,10,0.7868668,0.9142182500000001,0.0,0.021851975,0.6337073
29,647,10,0.77205706,0.8971031000000002,0.0,0.022633102,0.65636
29,648,10,0.75087523,0.8864933000000002,0.0,0.023690427,0.6870224
29,649,10,0.73552877,0.8656472000000001,0.0,0.02588581,0.7506885
29,650,10,0.7192314,0.8483004600000001,0.0,0.023801528,0.6902443
29,651,10,0.7070419,0.8279723000000001,0.0,0.023702707,0.6873785
29,652,10,0.6947333,0.8126139000000001,0.0,0.019682014,0.5707784
29,653,10,0.6838531,0.7904538500000001,0.0,0.024686988,0.71592265
29,654,10,0.6747475,0.7681136000000001,0.0,0.024124624,0.6996141
29,655,10,0.66546446,0.7483381000000001,0.0,0.021845963,0.63353294
29,656,10,0.65812045,0.7234338600000001,0.0,0.025964517,0.752971
29,657,10,0.6512807,0.7032033000000001,0.0,0.021355482,0.61930895
29,658,10,0.64332646,0.6790305000000001,0.0,0.025447913,0.7379895
29,659,10,0.63843626,0.6579121000000001,0.0,0.021677142,0.62863714
29,660,10,0.6321621,0.6349236,0.0,0.023829373,0.6910518
29,661,10,0.62816757,0.6115721000000001,0.0,0.023690622,0.68702805
29,662,10,0.62541527,0.5895841000000002,0.0,0.022159623,0.6426291
29,663,10,0.6237536,0.5667657000000001,0.0,0.022878867,0.66348714
29,664,10,0.6235766,0.5443287000000001,0.0,0.022437675,0.6506926
29,665,10,0.62392306,0.5217898000000001,0.0,0.022541562,0.6537053
29,666,10,0.6248984,0.4975908,0.0,0.024218656,0.702341
29,667,10,0.6286099,0.47586320000000004,0.0,0.022042286,0.63922626
29,668,10,0.63068324,0.4522305000000002,0.0,0.023723539,0.6879826
29,669,10,0.63551676,0.43005570000000004,0.0,0.022695394,0.6581664
29,670,10,0.6412346,0.407127,0.0,0.023630898,0.68529606
29,671,10,0.6480961,0.3859330000000001,0.0,0.022277009,0.6460332
29,672,10,0.65395355,0.3669201000000002,0.0,0.019894756,0.5769479
29,673,10,0.6620436,0.3422858000000002,0.0,0.025928752,0.7519338
29,674,10,0.6702647,0.31958620000000004,0.0,0.024142472,0.7001317
29,675,10,0.67038536,0.3193383000000001,0.0,0.0002756387,0.007993523
29,676,10,0.6917287,0.277058,0.0,0.04736205,1.3734994
29,677,10,0.7023915,0.2604847000000001,0.0,0.0197071,0.5715059
29,678,10,0.71553427,0.2395056000000002,0.0,0.024755862,0.71792
29,679,10,0.7285647,0.2181236000000002,0.0,0.025039678,0.7261507
29,680,10,0.74323547,0.20177690000000004,0.0,0.021964664,0.6369752
29,681,10,0.7587481,0.182299,0.0,0.024900373,0.7221108
29,682,10,0.7778722,0.1623443,0.0,0.027639106,0.80153406
29,683,10,0.78931695,0.14345110000000005,0.0,0.022089293,0.64058954
29,684,10,0.8080861,0.12771580000000005,0.0,0.024492437,0.71028066
29,685,10,0.8261821,0.11631410000000009,0.0,0.021388471,0.62026566
29,686,10,0.84556544,0.09866400000000008,0.0,0.026215179,0.7602402
29,687,10,0.86762136,0.08897960000000005,0.0,0.024088426,0.69856435
29,688,10,0.8817127,0.07532010000000011,0.0,0.019625148,0.5691293
29,689,10,0.9025087,0.06332590000000016,0.0,0.024006989,0.6962027
29,690,10,0.92560256,0.05244120000000008,0.0,0.025530428,0.74038243
29,691,10,0.94741553,0.04218540000000015,0.0,0.024103684,0.69900686
29,692,10,0.9701492,0.03493420000000014,0.0,0.023862133,0.6920019
29,693,10,0.9935098,0.026121400000000072,0.0,0.024967646,0.7240617
29,694,10,1.0159607,0.01881490000000019,0.0,0.023609862,0.684686
29,695,10,1.0371964,0.013365400000000083,0.0,0.02192379,0.63578993
29,696,10,1.0599842,0.009522600000000159,0.0,0.023109557,0.67017716
29,697,10,1.0842652,0.005368200000000156,0.0,0.02463385,0.7143817
29,698,10,1.1102535,0.0015937000000001422,0.0,0.026260896,0.761566
29,699,10,1.1298798,0.0002979000000000731,0.0,0.01966911,0.5704042
29,700,10,1.1542783,0.000859500000000013,0.0,0.024404908,0.70774233
29,701,10,1.1789106,0.0010116000000000014,0.0,0.024632804,0.7143513
29,702,10,1.2019062,0.0029130000000001655,0.0,0.023074066,0.6691479
29,703,10,1.224372,0.00600770000000006,0.0,0.02267797,0.6576611
29,704,10,1.2480106,0.011905400000000066,0.0,0.024363237,0.70653385
29,705,10,1.2734023,0.014496300000000018,0.0,0.02552354,0.74018264
29,706,10,1.2932402,0.021657000000000037,0.0,0.021090653,0.61162895
29,707,10,1.3178504,0.027052900000000157,0.0,0.025194757,0.7306479
29,708,10,1.3392829,0.0363846000000001,0.0,0.02337592,0.6779017
29,709,10,1.3606914,0.045232200000000056,0.0,0.023164764,0.67177814
29,710,10,1.3604611,0.04548530000000017,0.0,0.00034218992,0.009923507
29,711,10,1.4028267,0.06575480000000011,0.0,0.046964806,1.3619794
29,712,10,1.4238557,0.07551720000000017,0.0,0.023184547,0.6723519
29,713,10,1.4232113,0.07640450000000021,0.0,0.0010965458,0.03179983
29,714,10,1.4637882,0.10384300000000013,0.0,0.048983164,1.4205117
29,715,10,1.4637241,0.10405560000000014,0.0,0.0002220951,0.006440758
29,716,10,1.4621506,0.10428560000000009,0.0,0.0015902763,0.04611801
29,717,10,1.4631255,0.1038629000000002,0.0,0.0010625942,0.030815233
29,718,10,1.4619825,0.10477920000000007,0.0,0.0014649639,0.042483952
29,719,10,1.5147449,0.14895180000000008,0.0,0.1135103,0.04344032333333333
29,720,10,1.5675073,0.19312440000000008,0.0,0.024466094,0.04439669466666667
29,721,10,1.565969,0.19284250000000003,0.0,0.0015638989,0.045353066
29,722,10,1.5949492,0.23408770000000012,0.0,0.050408565,1.4618484
29,723,10,1.6053872,0.24973940000000017,0.0,0.018812945,0.54557544
29,724,10,1.6146463,0.2646179000000002,0.0,0.0175243,0.5082047
29,725,10,1.6227002,0.27639650000000016,0.0,0.014268866,0.4137971
29,726,10,1.6285162,0.2852289000000001,0.0,0.010575245,0.3066821
29,727,10,1.6302035,0.2942791,0.0,0.009206192,0.26697955
29,728,10,1.63365,0.29945100000000013,0.0,0.006215029,0.18023583
29,729,10,1.635053,0.3037155,0.0,0.004489366,0.13019161
29,730,10,1.6365057,0.3084561000000001,0.0,0.0049581793,0.1437872
29,731,10,1.6363392,0.3086936,0.0,0.00029013833,0.008414011
29,732,10,1.6384357,0.3102731000000001,0.0,0.0026248754,0.07612139
29,733,10,1.6385361,0.3102980000000002,0.0,0.000103420156,0.0029991844
29,734,10,1.6383468,0.31078490000000003,0.0,0.0005224709,0.015151656
29,735,10,1.6373152,0.3088752000000001,0.0,0.0021705655,0.0629464
29,736,10,1.6371285,0.3105859000000002,0.0,0.0017208093,0.049903467
29,737,10,1.6373711,0.30914510000000006,0.0,0.0014610441,0.04237028
29,738,10,1.6375343,0.31032170000000003,0.0,0.0011878598,0.034447934
29,739,10,1.6371634,0.30841660000000015,0.0,0.0019408454,0.056284517
29,740,10,1.6363218,0.3082777000000001,0.0,0.0008529991,0.024736974
29,741,10,1.6385787,0.31082870000000007,0.0,0.0034060031,0.09877409
29,742,10,1.6375681,0.30819550000000007,0.0,0.0028204613,0.081793375
29,743,10,1.6389098,0.31090590000000007,0.0,0.0030243616,0.087706484
29,744,10,1.6383507,0.3106607000000001,0.0,0.00061050226,0.017704565
29,745,10,1.6377283,0.3107584000000001,0.0,0.00063000276,0.01827008
29,746,10,1.6379064,0.3108286,0.0,0.00019143976,0.005551753
29,747,10,1.6378379,0.30937400000000004,0.0,0.0014562058,0.04222997
29,748,10,1.6379999,0.3084235000000002,0.0,0.00096416374,0.02796075
29,749,10,1.638286,0.3098136,0.0,0.0014192362,0.04115785
29,750,10,1.6376344,0.3102330000000002,0.0,0.0007748923,0.022471877
29,751,10,1.6401572,0.3089368000000001,0.0,0.0028363161,0.082253166
29,752,10,1.6384518,0.30993080000000006,0.0,0.0019739268,0.057243876
