Timestamp,Sensor Value
2025-02-22 21:14:10.031,0
2025-02-22 21:14:10.032,0
2025-02-22 21:14:10.036,0
2025-02-22 21:14:10.037,0
2025-02-22 21:14:10.039,0
2025-02-22 21:14:10.040,0
2025-02-22 21:14:10.042,0
2025-02-22 21:14:10.047,0
2025-02-22 21:14:10.048,0
2025-02-22 21:14:10.052,0
2025-02-22 21:14:10.054,0
2025-02-22 21:14:10.056,0
2025-02-22 21:14:10.057,0
2025-02-22 21:14:10.061,0
2025-02-22 21:14:10.063,0
2025-02-22 21:14:10.064,0
2025-02-22 21:14:10.065,0
2025-02-22 21:14:10.066,0
2025-02-22 21:14:10.067,0
2025-02-22 21:14:10.068,0
2025-02-22 21:14:10.069,0
2025-02-22 21:14:10.071,0
2025-02-22 21:14:10.072,0
2025-02-22 21:14:10.074,0
2025-02-22 21:14:10.076,0
2025-02-22 21:14:10.077,0
2025-02-22 21:14:10.078,0
2025-02-22 21:14:10.079,0
2025-02-22 21:14:10.081,0
2025-02-22 21:14:10.083,0
2025-02-22 21:14:10.084,0
2025-02-22 21:14:10.085,0
2025-02-22 21:14:10.087,0
2025-02-22 21:14:10.088,0
2025-02-22 21:14:10.089,0
2025-02-22 21:14:10.090,0
2025-02-22 21:14:10.092,0
2025-02-22 21:14:10.093,0
2025-02-22 21:14:10.095,0
2025-02-22 21:14:10.096,0
2025-02-22 21:14:10.097,0
2025-02-22 21:14:10.099,0
2025-02-22 21:14:10.613,0
2025-02-22 21:14:10.615,0
2025-02-22 21:14:10.617,0
2025-02-22 21:14:10.621,0
2025-02-22 21:14:10.623,0
2025-02-22 21:14:10.625,0
2025-02-22 21:14:10.627,0
2025-02-22 21:14:10.630,0
2025-02-22 21:14:10.632,0
2025-02-22 21:14:10.634,0
2025-02-22 21:14:10.636,0
2025-02-22 21:14:10.637,0
2025-02-22 21:14:10.639,0
2025-02-22 21:14:10.640,0
2025-02-22 21:14:10.641,0
2025-02-22 21:14:10.643,0
2025-02-22 21:14:10.645,0
2025-02-22 21:14:10.646,0
2025-02-22 21:14:10.648,0
2025-02-22 21:14:10.649,0
2025-02-22 21:14:10.651,0
2025-02-22 21:14:10.653,0
2025-02-22 21:14:10.654,0
2025-02-22 21:14:10.656,0
2025-02-22 21:14:10.658,0
2025-02-22 21:14:10.659,0
2025-02-22 21:14:10.661,0
2025-02-22 21:14:10.663,0
2025-02-22 21:14:10.664,0
2025-02-22 21:14:10.667,0
2025-02-22 21:14:10.669,0
2025-02-22 21:14:10.670,0
2025-02-22 21:14:10.672,0
2025-02-22 21:14:10.673,0
2025-02-22 21:14:10.673,0
2025-02-22 21:14:10.675,0
2025-02-22 21:14:10.676,0
2025-02-22 21:14:10.678,0
2025-02-22 21:14:10.680,0
2025-02-22 21:14:10.682,0
2025-02-22 21:14:10.684,0
2025-02-22 21:14:10.686,0
2025-02-22 21:14:10.687,0
2025-02-22 21:14:10.689,0
2025-02-22 21:14:10.691,0
2025-02-22 21:14:10.692,0
2025-02-22 21:14:10.695,0
2025-02-22 21:14:10.696,0
2025-02-22 21:14:10.699,0
2025-02-22 21:14:10.701,0
2025-02-22 21:14:10.703,0
2025-02-22 21:14:10.703,0
2025-02-22 21:14:10.705,0
2025-02-22 21:14:10.706,0
2025-02-22 21:14:10.708,0
2025-02-22 21:14:10.709,0
2025-02-22 21:14:10.710,0
2025-02-22 21:14:10.712,0
2025-02-22 21:14:10.713,0
2025-02-22 21:14:10.716,0
2025-02-22 21:14:10.717,0
2025-02-22 21:14:10.719,0
2025-02-22 21:14:10.720,0
2025-02-22 21:14:10.721,0
2025-02-22 21:14:10.722,0
2025-02-22 21:14:10.723,0
2025-02-22 21:14:10.724,0
2025-02-22 21:14:10.726,0
2025-02-22 21:14:10.727,0
2025-02-22 21:14:10.728,0
2025-02-22 21:14:10.730,0
2025-02-22 21:14:10.731,0
2025-02-22 21:14:10.732,0
2025-02-22 21:14:10.733,0
2025-02-22 21:14:10.734,0
2025-02-22 21:14:10.736,0
2025-02-22 21:14:10.737,0
2025-02-22 21:14:10.738,0
2025-02-22 21:14:10.739,0
2025-02-22 21:14:10.740,0
2025-02-22 21:14:10.742,0
2025-02-22 21:14:10.743,0
2025-02-22 21:14:10.745,0
2025-02-22 21:14:10.746,0
2025-02-22 21:14:10.748,0
2025-02-22 21:14:10.749,0
2025-02-22 21:14:10.750,0
2025-02-22 21:14:10.752,0
2025-02-22 21:14:10.754,0
2025-02-22 21:14:10.756,0
2025-02-22 21:14:10.759,0
2025-02-22 21:14:10.759,0
2025-02-22 21:14:10.760,0
2025-02-22 21:14:10.761,0
2025-02-22 21:14:10.762,0
2025-02-22 21:14:10.766,0
2025-02-22 21:14:10.768,0
2025-02-22 21:14:10.770,0
2025-02-22 21:14:10.771,0
2025-02-22 21:14:10.772,0
2025-02-22 21:14:10.773,0
2025-02-22 21:14:10.774,0
2025-02-22 21:14:10.776,0
2025-02-22 21:14:10.777,0
2025-02-22 21:14:10.779,0
2025-02-22 21:14:10.780,0
2025-02-22 21:14:10.781,0
2025-02-22 21:14:10.784,0
2025-02-22 21:14:10.785,0
2025-02-22 21:14:10.787,0
2025-02-22 21:14:10.788,0
2025-02-22 21:14:10.789,0
2025-02-22 21:14:10.791,0
2025-02-22 21:14:10.792,0
2025-02-22 21:14:10.793,0
2025-02-22 21:14:10.794,0
2025-02-22 21:14:10.796,0
2025-02-22 21:14:10.797,0
2025-02-22 21:14:10.799,0
2025-02-22 21:14:10.802,0
2025-02-22 21:14:10.803,0
2025-02-22 21:14:10.806,0
2025-02-22 21:14:10.807,0
2025-02-22 21:14:10.808,0
2025-02-22 21:14:10.810,0
2025-02-22 21:14:10.811,0
2025-02-22 21:14:10.812,0
2025-02-22 21:14:10.813,0
2025-02-22 21:14:10.814,0
2025-02-22 21:14:10.816,0
2025-02-22 21:14:10.818,0
2025-02-22 21:14:10.819,0
2025-02-22 21:14:10.821,0
2025-02-22 21:14:10.822,0
2025-02-22 21:14:10.824,0
2025-02-22 21:14:10.825,0
2025-02-22 21:14:10.827,0
2025-02-22 21:14:10.828,0
2025-02-22 21:14:10.830,0
2025-02-22 21:14:10.832,0
2025-02-22 21:14:10.833,0
2025-02-22 21:14:10.835,0
2025-02-22 21:14:10.838,0
2025-02-22 21:14:10.840,0
2025-02-22 21:14:10.850,0
2025-02-22 21:14:10.852,0
2025-02-22 21:14:10.853,0
2025-02-22 21:14:10.855,0
2025-02-22 21:14:10.856,0
2025-02-22 21:14:10.857,0
2025-02-22 21:14:10.859,0
2025-02-22 21:14:10.860,0
2025-02-22 21:14:10.861,0
2025-02-22 21:14:10.863,0
2025-02-22 21:14:10.865,0
2025-02-22 21:14:10.867,0
2025-02-22 21:14:10.868,0
2025-02-22 21:14:10.870,0
2025-02-22 21:14:10.871,0
2025-02-22 21:14:10.873,0
2025-02-22 21:14:10.873,0
2025-02-22 21:14:10.875,0
2025-02-22 21:14:10.877,0
2025-02-22 21:14:10.878,0
2025-02-22 21:14:10.879,0
2025-02-22 21:14:10.881,0
2025-02-22 21:14:10.882,0
2025-02-22 21:14:10.885,0
2025-02-22 21:14:10.886,0
2025-02-22 21:14:10.888,0
2025-02-22 21:14:10.889,0
2025-02-22 21:14:10.891,0
2025-02-22 21:14:10.892,0
2025-02-22 21:14:10.893,0
2025-02-22 21:14:10.895,0
2025-02-22 21:14:10.896,0
2025-02-22 21:14:10.898,0
2025-02-22 21:14:10.900,0
2025-02-22 21:14:10.902,0
2025-02-22 21:14:10.905,0
2025-02-22 21:14:10.906,0
2025-02-22 21:14:10.908,0
2025-02-22 21:14:10.909,0
2025-02-22 21:14:10.911,0
2025-02-22 21:14:10.912,0
2025-02-22 21:14:10.913,0
2025-02-22 21:14:10.916,0
2025-02-22 21:14:10.918,0
2025-02-22 21:14:10.919,0
2025-02-22 21:14:10.920,0
2025-02-22 21:14:10.922,0
2025-02-22 21:14:10.924,0
2025-02-22 21:14:10.925,0
2025-02-22 21:14:10.926,0
2025-02-22 21:14:10.928,0
2025-02-22 21:14:10.930,0
2025-02-22 21:14:10.932,0
2025-02-22 21:14:10.933,0
2025-02-22 21:14:10.935,0
2025-02-22 21:14:10.937,0
2025-02-22 21:14:10.938,0
2025-02-22 21:14:10.940,0
2025-02-22 21:14:10.941,0
2025-02-22 21:14:10.942,0
2025-02-22 21:14:10.944,0
2025-02-22 21:14:10.946,0
2025-02-22 21:14:10.948,0
2025-02-22 21:14:10.949,0
2025-02-22 21:14:10.952,0
2025-02-22 21:14:10.953,0
2025-02-22 21:14:10.955,0
2025-02-22 21:14:10.956,0
2025-02-22 21:14:10.958,0
2025-02-22 21:14:10.960,0
2025-02-22 21:14:10.961,0
2025-02-22 21:14:10.962,0
2025-02-22 21:14:10.963,0
2025-02-22 21:14:10.965,0
2025-02-22 21:14:10.967,0
2025-02-22 21:14:10.969,0
2025-02-22 21:14:10.970,0
2025-02-22 21:14:10.972,0
2025-02-22 21:14:10.973,0
2025-02-22 21:14:10.973,0
2025-02-22 21:14:10.975,0
2025-02-22 21:14:10.976,0
2025-02-22 21:14:10.978,0
2025-02-22 21:14:10.980,0
2025-02-22 21:14:10.982,0
2025-02-22 21:14:10.984,0
2025-02-22 21:14:10.985,0
2025-02-22 21:14:10.987,0
2025-02-22 21:14:10.988,0
2025-02-22 21:14:10.990,0
2025-02-22 21:14:10.991,0
2025-02-22 21:14:10.992,0
2025-02-22 21:14:10.993,0
2025-02-22 21:14:10.994,0
2025-02-22 21:14:10.995,0
2025-02-22 21:14:10.997,0
2025-02-22 21:14:10.998,0
2025-02-22 21:14:11.000,0
2025-02-22 21:14:11.001,0
2025-02-22 21:14:11.004,0
2025-02-22 21:14:11.005,0
2025-02-22 21:14:11.007,0
2025-02-22 21:14:11.008,0
2025-02-22 21:14:11.009,0
2025-02-22 21:14:11.011,0
2025-02-22 21:14:11.012,0
2025-02-22 21:14:11.014,0
2025-02-22 21:14:11.016,0
2025-02-22 21:14:11.017,0
2025-02-22 21:14:11.019,0
2025-02-22 21:14:11.021,0
2025-02-22 21:14:11.022,0
2025-02-22 21:14:11.022,0
2025-02-22 21:14:11.026,0
2025-02-22 21:14:11.027,0
2025-02-22 21:14:11.028,0
2025-02-22 21:14:11.030,0
2025-02-22 21:14:11.031,0
2025-02-22 21:14:11.033,0
2025-02-22 21:14:11.035,0
2025-02-22 21:14:11.036,0
2025-02-22 21:14:11.038,0
2025-02-22 21:14:11.040,0
2025-02-22 21:14:11.041,0
2025-02-22 21:14:11.042,0
2025-02-22 21:14:11.043,0
2025-02-22 21:14:11.044,0
2025-02-22 21:14:11.046,0
2025-02-22 21:14:11.047,0
2025-02-22 21:14:11.050,0
2025-02-22 21:14:11.052,0
2025-02-22 21:14:11.052,0
2025-02-22 21:14:11.055,0
2025-02-22 21:14:11.056,0
2025-02-22 21:14:11.057,0
2025-02-22 21:14:11.059,0
2025-02-22 21:14:11.060,0
2025-02-22 21:14:11.062,0
2025-02-22 21:14:11.063,0
2025-02-22 21:14:11.064,0
2025-02-22 21:14:11.066,0
2025-02-22 21:14:11.068,0
2025-02-22 21:14:11.070,0
2025-02-22 21:14:11.126,0
2025-02-22 21:14:11.126,0
2025-02-22 21:14:11.128,0
2025-02-22 21:14:11.130,0
2025-02-22 21:14:11.132,0
2025-02-22 21:14:11.134,0
2025-02-22 21:14:11.136,0
2025-02-22 21:14:11.139,0
2025-02-22 21:14:11.140,0
2025-02-22 21:14:11.140,0
2025-02-22 21:14:11.142,0
2025-02-22 21:14:11.142,0
2025-02-22 21:14:11.145,0
2025-02-22 21:14:11.146,0
2025-02-22 21:14:11.147,0
2025-02-22 21:14:11.150,0
2025-02-22 21:14:11.151,0
2025-02-22 21:14:11.153,0
2025-02-22 21:14:11.155,0
2025-02-22 21:14:11.156,0
2025-02-22 21:14:11.158,0
2025-02-22 21:14:11.159,0
2025-02-22 21:14:11.161,0
2025-02-22 21:14:11.162,0
2025-02-22 21:14:11.165,0
2025-02-22 21:14:11.166,0
2025-02-22 21:14:11.169,0
2025-02-22 21:14:11.171,0
2025-02-22 21:14:11.172,0
2025-02-22 21:14:11.174,0
2025-02-22 21:14:11.176,0
2025-02-22 21:14:11.178,0
2025-02-22 21:14:11.180,0
2025-02-22 21:14:11.182,0
2025-02-22 21:14:11.184,0
2025-02-22 21:14:11.184,0
2025-02-22 21:14:11.187,0
2025-02-22 21:14:11.188,0
2025-02-22 21:14:11.191,0
2025-02-22 21:14:11.193,0
2025-02-22 21:14:11.195,0
2025-02-22 21:14:11.197,0
2025-02-22 21:14:11.199,0
2025-02-22 21:14:11.202,0
2025-02-22 21:14:11.204,0
2025-02-22 21:14:11.206,0
2025-02-22 21:14:11.209,0
2025-02-22 21:14:11.211,0
2025-02-22 21:14:11.212,0
2025-02-22 21:14:11.214,0
2025-02-22 21:14:11.216,0
2025-02-22 21:14:11.217,0
2025-02-22 21:14:11.220,0
2025-02-22 21:14:11.221,0
2025-02-22 21:14:11.222,0
2025-02-22 21:14:11.225,0
2025-02-22 21:14:11.227,0
2025-02-22 21:14:11.229,0
2025-02-22 21:14:11.230,0
2025-02-22 21:14:11.232,0
2025-02-22 21:14:11.234,0
2025-02-22 21:14:11.235,0
2025-02-22 21:14:11.238,0
2025-02-22 21:14:11.238,0
2025-02-22 21:14:11.239,0
2025-02-22 21:14:11.241,0
2025-02-22 21:14:11.241,0
2025-02-22 21:14:11.242,0
2025-02-22 21:14:11.244,0
2025-02-22 21:14:11.245,0
2025-02-22 21:14:11.246,0
2025-02-22 21:14:11.249,0
2025-02-22 21:14:11.250,0
2025-02-22 21:14:11.252,0
2025-02-22 21:14:11.254,0
2025-02-22 21:14:11.254,0
2025-02-22 21:14:11.255,0
2025-02-22 21:14:11.256,0
2025-02-22 21:14:11.257,0
2025-02-22 21:14:11.258,0
2025-02-22 21:14:11.259,0
2025-02-22 21:14:11.260,0
2025-02-22 21:14:11.261,0
2025-02-22 21:14:11.262,0
2025-02-22 21:14:11.264,0
2025-02-22 21:14:11.264,0
2025-02-22 21:14:11.266,0
2025-02-22 21:14:11.267,0
2025-02-22 21:14:11.268,0
2025-02-22 21:14:11.269,0
2025-02-22 21:14:11.269,0
2025-02-22 21:14:11.270,0
2025-02-22 21:14:11.270,0
2025-02-22 21:14:11.271,0
2025-02-22 21:14:11.272,0
2025-02-22 21:14:11.273,0
2025-02-22 21:14:11.274,0
2025-02-22 21:14:11.274,0
2025-02-22 21:14:11.275,0
2025-02-22 21:14:11.276,0
2025-02-22 21:14:11.277,0
2025-02-22 21:14:11.278,0
2025-02-22 21:14:11.433,0
2025-02-22 21:14:11.435,0
2025-02-22 21:14:11.438,0
2025-02-22 21:14:11.441,0
2025-02-22 21:14:11.443,0
2025-02-22 21:14:11.444,0
2025-02-22 21:14:11.446,0
2025-02-22 21:14:11.448,0
2025-02-22 21:14:11.450,0
2025-02-22 21:14:11.452,0
2025-02-22 21:14:11.454,0
2025-02-22 21:14:11.454,0
2025-02-22 21:14:11.456,0
2025-02-22 21:14:11.458,0
2025-02-22 21:14:11.460,0
2025-02-22 21:14:11.461,0
2025-02-22 21:14:11.462,0
2025-02-22 21:14:11.465,0
2025-02-22 21:14:11.466,0
2025-02-22 21:14:11.468,0
2025-02-22 21:14:11.471,0
2025-02-22 21:14:11.472,0
2025-02-22 21:14:11.473,0
2025-02-22 21:14:11.474,0
2025-02-22 21:14:11.476,0
2025-02-22 21:14:11.477,0
2025-02-22 21:14:11.478,0
2025-02-22 21:14:11.480,0
2025-02-22 21:14:11.482,0
2025-02-22 21:14:11.484,0
2025-02-22 21:14:11.485,0
2025-02-22 21:14:11.486,0
2025-02-22 21:14:11.488,0
2025-02-22 21:14:11.490,0
2025-02-22 21:14:11.491,0
2025-02-22 21:14:11.492,0
2025-02-22 21:14:11.495,0
2025-02-22 21:14:11.496,0
2025-02-22 21:14:11.497,0
2025-02-22 21:14:11.499,0
2025-02-22 21:14:11.500,0
2025-02-22 21:14:11.501,0
2025-02-22 21:14:11.503,0
2025-02-22 21:14:11.505,0
2025-02-22 21:14:11.506,0
2025-02-22 21:14:11.508,0
2025-02-22 21:14:11.509,0
2025-02-22 21:14:11.510,0
2025-02-22 21:14:11.512,0
2025-02-22 21:14:11.515,0
2025-02-22 21:14:11.516,0
2025-02-22 21:14:11.519,0
2025-02-22 21:14:11.520,0
2025-02-22 21:14:11.522,0
2025-02-22 21:14:11.523,0
2025-02-22 21:14:11.524,0
2025-02-22 21:14:11.525,0
2025-02-22 21:14:11.526,0
2025-02-22 21:14:11.528,0
2025-02-22 21:14:11.529,0
2025-02-22 21:14:11.530,0
2025-02-22 21:14:11.532,0
2025-02-22 21:14:11.534,0
2025-02-22 21:14:11.535,0
2025-02-22 21:14:11.537,0
2025-02-22 21:14:11.538,0
2025-02-22 21:14:11.539,0
2025-02-22 21:14:11.541,0
2025-02-22 21:14:11.542,0
2025-02-22 21:14:11.543,0
2025-02-22 21:14:11.545,0
2025-02-22 21:14:11.547,0
2025-02-22 21:14:11.549,0
2025-02-22 21:14:11.550,0
2025-02-22 21:14:11.551,0
2025-02-22 21:14:11.553,0
2025-02-22 21:14:11.555,0
2025-02-22 21:14:11.556,0
2025-02-22 21:14:11.558,0
2025-02-22 21:14:11.559,0
2025-02-22 21:14:11.560,0
2025-02-22 21:14:11.561,0
2025-02-22 21:14:11.563,0
2025-02-22 21:14:11.565,0
2025-02-22 21:14:11.566,0
2025-02-22 21:14:11.568,0
2025-02-22 21:14:11.571,0
2025-02-22 21:14:11.571,0
2025-02-22 21:14:11.573,0
2025-02-22 21:14:11.574,0
2025-02-22 21:14:11.575,0
2025-02-22 21:14:11.577,0
2025-02-22 21:14:11.578,0
2025-02-22 21:14:11.579,0
2025-02-22 21:14:11.581,0
2025-02-22 21:14:11.582,0
2025-02-22 21:14:11.585,0
2025-02-22 21:14:11.588,0
2025-02-22 21:14:11.637,0
2025-02-22 21:14:11.638,0
2025-02-22 21:14:11.640,0
2025-02-22 21:14:11.641,0
2025-02-22 21:14:11.642,0
2025-02-22 21:14:11.643,0
2025-02-22 21:14:11.645,0
2025-02-22 21:14:11.645,0
2025-02-22 21:14:11.646,0
2025-02-22 21:14:11.649,0
2025-02-22 21:14:11.652,0
2025-02-22 21:14:11.653,0
2025-02-22 21:14:11.655,0
2025-02-22 21:14:11.656,0
2025-02-22 21:14:11.657,0
2025-02-22 21:14:11.659,0
2025-02-22 21:14:11.660,0
2025-02-22 21:14:11.661,0
2025-02-22 21:14:11.664,0
2025-02-22 21:14:11.666,0
2025-02-22 21:14:11.668,0
2025-02-22 21:14:11.669,0
2025-02-22 21:14:11.670,0
2025-02-22 21:14:11.672,0
2025-02-22 21:14:11.673,0
2025-02-22 21:14:11.675,0
2025-02-22 21:14:11.676,0
2025-02-22 21:14:11.678,0
2025-02-22 21:14:11.680,0
2025-02-22 21:14:11.681,0
2025-02-22 21:14:11.683,0
2025-02-22 21:14:11.684,0
2025-02-22 21:14:11.685,0
2025-02-22 21:14:11.686,0
2025-02-22 21:14:11.686,0
2025-02-22 21:14:11.687,0
2025-02-22 21:14:11.688,0
2025-02-22 21:14:11.689,0
2025-02-22 21:14:11.690,0
2025-02-22 21:14:11.691,0
2025-02-22 21:14:11.692,0
2025-02-22 21:14:11.694,0
2025-02-22 21:14:11.696,0
2025-02-22 21:14:11.698,0
2025-02-22 21:14:11.699,0
2025-02-22 21:14:11.700,0
2025-02-22 21:14:11.702,0
2025-02-22 21:14:11.703,0
2025-02-22 21:14:11.705,0
2025-02-22 21:14:11.706,0
2025-02-22 21:14:11.707,0
2025-02-22 21:14:11.708,0
2025-02-22 21:14:11.709,0
2025-02-22 21:14:11.710,0
2025-02-22 21:14:11.711,0
2025-02-22 21:14:11.712,0
2025-02-22 21:14:11.713,0
2025-02-22 21:14:11.713,0
2025-02-22 21:14:11.714,0
2025-02-22 21:14:11.715,0
2025-02-22 21:14:11.716,0
2025-02-22 21:14:11.717,0
2025-02-22 21:14:11.718,0
2025-02-22 21:14:11.719,0
2025-02-22 21:14:11.720,0
2025-02-22 21:14:11.721,0
2025-02-22 21:14:11.722,0
2025-02-22 21:14:11.723,0
2025-02-22 21:14:11.724,0
2025-02-22 21:14:11.725,0
2025-02-22 21:14:11.726,0
2025-02-22 21:14:11.727,0
2025-02-22 21:14:11.729,0
2025-02-22 21:14:11.730,0
2025-02-22 21:14:11.732,0
2025-02-22 21:14:11.732,0
2025-02-22 21:14:11.734,0
2025-02-22 21:14:11.736,0
2025-02-22 21:14:11.737,0
2025-02-22 21:14:11.738,0
2025-02-22 21:14:11.739,0
2025-02-22 21:14:11.741,0
2025-02-22 21:14:11.742,0
2025-02-22 21:14:11.743,0
2025-02-22 21:14:11.744,0
2025-02-22 21:14:11.745,0
2025-02-22 21:14:11.747,0
2025-02-22 21:14:11.748,0
2025-02-22 21:14:11.749,0
2025-02-22 21:14:11.751,0
2025-02-22 21:14:11.751,0
2025-02-22 21:14:11.752,0
2025-02-22 21:14:11.754,0
2025-02-22 21:14:11.755,0
2025-02-22 21:14:11.756,0
2025-02-22 21:14:11.758,0
2025-02-22 21:14:11.759,0
2025-02-22 21:14:11.760,0
2025-02-22 21:14:11.761,0
2025-02-22 21:14:11.762,0
2025-02-22 21:14:11.763,0
2025-02-22 21:14:11.764,0
2025-02-22 21:14:11.765,0
2025-02-22 21:14:11.766,0
2025-02-22 21:14:11.769,0
2025-02-22 21:14:11.770,0
2025-02-22 21:14:11.771,0
2025-02-22 21:14:11.772,0
2025-02-22 21:14:11.773,0
2025-02-22 21:14:11.774,0
2025-02-22 21:14:11.774,0
2025-02-22 21:14:11.776,0
2025-02-22 21:14:11.777,0
2025-02-22 21:14:11.777,0
2025-02-22 21:14:11.778,0
2025-02-22 21:14:11.779,0
2025-02-22 21:14:11.780,0
2025-02-22 21:14:11.781,0
2025-02-22 21:14:11.782,0
2025-02-22 21:14:11.782,0
2025-02-22 21:14:11.784,0
2025-02-22 21:14:11.784,0
2025-02-22 21:14:11.785,0
2025-02-22 21:14:11.785,0
2025-02-22 21:14:11.786,0
2025-02-22 21:14:11.787,0
2025-02-22 21:14:11.787,0
2025-02-22 21:14:11.788,0
2025-02-22 21:14:11.789,0
2025-02-22 21:14:11.789,0
2025-02-22 21:14:11.790,0
2025-02-22 21:14:11.790,0
2025-02-22 21:14:11.791,0
2025-02-22 21:14:11.791,0
2025-02-22 21:14:11.792,0
2025-02-22 21:14:11.792,0
2025-02-22 21:14:11.793,0
2025-02-22 21:14:11.793,0
2025-02-22 21:14:11.794,0
2025-02-22 21:14:11.795,0
2025-02-22 21:14:11.795,0
2025-02-22 21:14:11.796,0
2025-02-22 21:14:11.796,0
2025-02-22 21:14:11.797,0
2025-02-22 21:14:11.942,0
2025-02-22 21:14:11.946,0
2025-02-22 21:14:11.948,0
2025-02-22 21:14:11.949,0
2025-02-22 21:14:11.950,0
2025-02-22 21:14:11.952,0
2025-02-22 21:14:11.953,0
2025-02-22 21:14:11.955,0
2025-02-22 21:14:11.956,0
2025-02-22 21:14:11.957,0
2025-02-22 21:14:11.958,0
2025-02-22 21:14:11.959,0
2025-02-22 21:14:11.960,0
2025-02-22 21:14:11.961,0
2025-02-22 21:14:11.962,0
2025-02-22 21:14:11.963,0
2025-02-22 21:14:11.964,0
2025-02-22 21:14:11.966,0
2025-02-22 21:14:11.968,0
2025-02-22 21:14:11.969,0
2025-02-22 21:14:11.970,0
2025-02-22 21:14:11.971,0
2025-02-22 21:14:11.973,0
2025-02-22 21:14:11.976,0
2025-02-22 21:14:11.977,0
2025-02-22 21:14:11.977,0
2025-02-22 21:14:11.979,0
2025-02-22 21:14:11.980,0
2025-02-22 21:14:11.982,0
2025-02-22 21:14:11.983,0
2025-02-22 21:14:11.984,0
2025-02-22 21:14:11.985,0
2025-02-22 21:14:11.986,0
2025-02-22 21:14:11.987,0
2025-02-22 21:14:11.987,0
2025-02-22 21:14:11.989,0
2025-02-22 21:14:11.990,0
2025-02-22 21:14:11.991,0
2025-02-22 21:14:11.992,0
2025-02-22 21:14:11.992,0
2025-02-22 21:14:11.992,0
2025-02-22 21:14:11.994,0
2025-02-22 21:14:11.995,0
2025-02-22 21:14:11.996,0
2025-02-22 21:14:11.997,0
2025-02-22 21:14:11.998,0
2025-02-22 21:14:12.251,0
2025-02-22 21:14:12.253,0
2025-02-22 21:14:12.254,0
2025-02-22 21:14:12.255,0
2025-02-22 21:14:12.257,0
2025-02-22 21:14:12.259,0
2025-02-22 21:14:12.260,0
2025-02-22 21:14:12.262,0
2025-02-22 21:14:12.264,0
2025-02-22 21:14:12.266,0
2025-02-22 21:14:12.268,0
2025-02-22 21:14:12.269,0
2025-02-22 21:14:12.271,0
2025-02-22 21:14:12.272,0
2025-02-22 21:14:12.274,0
2025-02-22 21:14:12.275,0
2025-02-22 21:14:12.276,0
2025-02-22 21:14:12.279,0
2025-02-22 21:14:12.281,0
2025-02-22 21:14:12.283,0
2025-02-22 21:14:12.284,0
2025-02-22 21:14:12.287,0
2025-02-22 21:14:12.288,0
2025-02-22 21:14:12.290,0
2025-02-22 21:14:12.292,0
2025-02-22 21:14:12.293,0
2025-02-22 21:14:12.294,0
2025-02-22 21:14:12.296,0
2025-02-22 21:14:12.298,0
2025-02-22 21:14:12.299,0
2025-02-22 21:14:12.301,0
2025-02-22 21:14:12.303,0
2025-02-22 21:14:12.306,0
2025-02-22 21:14:12.307,0
2025-02-22 21:14:12.309,0
2025-02-22 21:14:12.310,0
2025-02-22 21:14:12.311,0
2025-02-22 21:14:12.313,0
2025-02-22 21:14:12.314,0
2025-02-22 21:14:12.316,0
2025-02-22 21:14:12.317,0
2025-02-22 21:14:12.319,0
2025-02-22 21:14:12.322,0
2025-02-22 21:14:12.324,0
2025-02-22 21:14:12.325,0
2025-02-22 21:14:12.327,0
2025-02-22 21:14:12.328,0
2025-02-22 21:14:12.329,0
2025-02-22 21:14:12.331,0
2025-02-22 21:14:12.333,0
2025-02-22 21:14:12.335,0
2025-02-22 21:14:12.337,0
2025-02-22 21:14:12.339,0
2025-02-22 21:14:12.340,0
2025-02-22 21:14:12.342,0
2025-02-22 21:14:12.342,0
2025-02-22 21:14:12.345,0
2025-02-22 21:14:12.347,0
2025-02-22 21:14:12.349,0
2025-02-22 21:14:12.350,0
2025-02-22 21:14:12.351,0
2025-02-22 21:14:12.353,0
2025-02-22 21:14:12.354,0
2025-02-22 21:14:12.355,0
2025-02-22 21:14:12.357,0
2025-02-22 21:14:12.359,0
2025-02-22 21:14:12.360,0
2025-02-22 21:14:12.361,0
2025-02-22 21:14:12.364,0
2025-02-22 21:14:12.366,0
2025-02-22 21:14:12.368,0
2025-02-22 21:14:12.369,0
2025-02-22 21:14:12.372,0
2025-02-22 21:14:12.372,0
2025-02-22 21:14:12.374,0
2025-02-22 21:14:12.376,0
2025-02-22 21:14:12.377,0
2025-02-22 21:14:12.378,0
2025-02-22 21:14:12.380,0
2025-02-22 21:14:12.382,0
2025-02-22 21:14:12.383,0
2025-02-22 21:14:12.385,0
2025-02-22 21:14:12.387,0
2025-02-22 21:14:12.389,0
2025-02-22 21:14:12.390,0
2025-02-22 21:14:12.391,0
2025-02-22 21:14:12.394,0
2025-02-22 21:14:12.395,0
2025-02-22 21:14:12.397,0
2025-02-22 21:14:12.399,0
2025-02-22 21:14:12.400,0
2025-02-22 21:14:12.402,0
2025-02-22 21:14:12.402,0
2025-02-22 21:14:12.405,251
2025-02-22 21:14:12.406,438
2025-02-22 21:14:12.408,646
2025-02-22 21:14:12.409,864
2025-02-22 21:14:12.410,1108
2025-02-22 21:14:12.411,1162
2025-02-22 21:14:12.412,1184
2025-02-22 21:14:12.413,1204
2025-02-22 21:14:12.415,1207
2025-02-22 21:14:12.417,1191
2025-02-22 21:14:12.418,1199
2025-02-22 21:14:12.421,1159
2025-02-22 21:14:12.422,1079
2025-02-22 21:14:12.422,1007
2025-02-22 21:14:12.424,1035
2025-02-22 21:14:12.425,1234
2025-02-22 21:14:12.427,1250
2025-02-22 21:14:12.428,1262
2025-02-22 21:14:12.430,1239
2025-02-22 21:14:12.431,1730
2025-02-22 21:14:12.432,2148
2025-02-22 21:14:12.434,2206
2025-02-22 21:14:12.437,2181
2025-02-22 21:14:12.438,2151
2025-02-22 21:14:12.439,2151
2025-02-22 21:14:12.440,2112
2025-02-22 21:14:12.442,2061
2025-02-22 21:14:12.443,1817
2025-02-22 21:14:12.444,1603
2025-02-22 21:14:12.446,1534
2025-02-22 21:14:12.447,1503
2025-02-22 21:14:12.449,1489
2025-02-22 21:14:12.450,1423
2025-02-22 21:14:12.452,1334
2025-02-22 21:14:12.453,1239
2025-02-22 21:14:12.455,1347
2025-02-22 21:14:12.456,1369
2025-02-22 21:14:12.458,1407
2025-02-22 21:14:12.459,1518
2025-02-22 21:14:12.461,1471
2025-02-22 21:14:12.463,1510
2025-02-22 21:14:12.465,1429
2025-02-22 21:14:12.467,1337
2025-02-22 21:14:12.467,1285
2025-02-22 21:14:12.470,1285
2025-02-22 21:14:12.471,1277
2025-02-22 21:14:12.472,1653
2025-02-22 21:14:12.474,1875
2025-02-22 21:14:12.476,1985
2025-02-22 21:14:12.477,2022
2025-02-22 21:14:12.478,2000
2025-02-22 21:14:12.480,1953
2025-02-22 21:14:12.481,1937
2025-02-22 21:14:12.483,1949
2025-02-22 21:14:12.484,1921
2025-02-22 21:14:12.485,1922
2025-02-22 21:14:12.486,1928
2025-02-22 21:14:12.487,1906
2025-02-22 21:14:12.489,1903
2025-02-22 21:14:12.490,1905
2025-02-22 21:14:12.491,1863
2025-02-22 21:14:12.492,1802
2025-02-22 21:14:12.494,1776
2025-02-22 21:14:12.495,1775
2025-02-22 21:14:12.497,1722
2025-02-22 21:14:12.499,1687
2025-02-22 21:14:12.501,1638
2025-02-22 21:14:12.502,1585
2025-02-22 21:14:12.503,1520
2025-02-22 21:14:12.504,1279
2025-02-22 21:14:12.505,979
2025-02-22 21:14:12.506,815
2025-02-22 21:14:12.508,754
2025-02-22 21:14:12.509,690
2025-02-22 21:14:12.510,464
2025-02-22 21:14:12.511,325
2025-02-22 21:14:12.514,149
2025-02-22 21:14:12.516,28
2025-02-22 21:14:12.517,0
2025-02-22 21:14:12.518,0
2025-02-22 21:14:12.519,0
2025-02-22 21:14:12.521,0
2025-02-22 21:14:12.522,0
2025-02-22 21:14:12.524,0
2025-02-22 21:14:12.525,0
2025-02-22 21:14:12.526,0
2025-02-22 21:14:12.527,0
2025-02-22 21:14:12.529,0
2025-02-22 21:14:12.530,0
2025-02-22 21:14:12.532,0
2025-02-22 21:14:12.533,0
2025-02-22 21:14:12.534,0
2025-02-22 21:14:12.535,0
2025-02-22 21:14:12.536,0
2025-02-22 21:14:12.537,0
2025-02-22 21:14:12.538,0
2025-02-22 21:14:12.540,0
2025-02-22 21:14:12.541,0
2025-02-22 21:14:12.542,0
2025-02-22 21:14:12.544,0
2025-02-22 21:14:12.545,0
2025-02-22 21:14:12.547,0
2025-02-22 21:14:12.548,0
2025-02-22 21:14:12.549,0
2025-02-22 21:14:12.550,0
2025-02-22 21:14:12.551,0
2025-02-22 21:14:12.552,0
2025-02-22 21:14:12.553,0
2025-02-22 21:14:12.554,0
2025-02-22 21:14:12.555,0
2025-02-22 21:14:12.556,0
2025-02-22 21:14:12.557,0
2025-02-22 21:14:12.558,0
2025-02-22 21:14:12.559,0
2025-02-22 21:14:12.560,0
2025-02-22 21:14:12.561,0
2025-02-22 21:14:12.562,0
2025-02-22 21:14:12.564,0
2025-02-22 21:14:12.566,0
2025-02-22 21:14:12.567,0
2025-02-22 21:14:12.569,0
2025-02-22 21:14:12.570,0
2025-02-22 21:14:12.571,0
2025-02-22 21:14:12.573,0
2025-02-22 21:14:12.574,0
2025-02-22 21:14:12.574,0
2025-02-22 21:14:12.576,0
2025-02-22 21:14:12.577,0
2025-02-22 21:14:12.578,0
2025-02-22 21:14:12.579,0
2025-02-22 21:14:12.580,0
2025-02-22 21:14:12.581,0
2025-02-22 21:14:12.582,0
2025-02-22 21:14:12.582,0
2025-02-22 21:14:12.584,0
2025-02-22 21:14:12.584,0
2025-02-22 21:14:12.585,0
2025-02-22 21:14:12.586,0
2025-02-22 21:14:12.587,0
2025-02-22 21:14:12.587,0
2025-02-22 21:14:12.588,0
2025-02-22 21:14:12.588,0
2025-02-22 21:14:12.589,0
2025-02-22 21:14:12.589,0
2025-02-22 21:14:12.590,0
2025-02-22 21:14:12.590,0
2025-02-22 21:14:12.591,0
2025-02-22 21:14:12.591,0
2025-02-22 21:14:12.592,0
2025-02-22 21:14:12.592,0
2025-02-22 21:14:12.593,0
2025-02-22 21:14:12.594,0
2025-02-22 21:14:12.594,0
2025-02-22 21:14:12.594,0
2025-02-22 21:14:12.595,0
2025-02-22 21:14:12.596,0
2025-02-22 21:14:12.596,0
2025-02-22 21:14:12.597,0
2025-02-22 21:14:12.598,0
2025-02-22 21:14:12.599,0
2025-02-22 21:14:12.600,0
2025-02-22 21:14:12.601,0
2025-02-22 21:14:12.601,0
2025-02-22 21:14:12.602,0
2025-02-22 21:14:12.602,0
2025-02-22 21:14:12.604,0
2025-02-22 21:14:12.604,0
2025-02-22 21:14:12.605,0
2025-02-22 21:14:12.605,0
2025-02-22 21:14:12.605,0
2025-02-22 21:14:12.606,0
2025-02-22 21:14:12.606,0
2025-02-22 21:14:12.761,0
2025-02-22 21:14:12.967,0
2025-02-22 21:14:12.969,0
2025-02-22 21:14:12.970,0
2025-02-22 21:14:12.971,0
2025-02-22 21:14:12.974,0
2025-02-22 21:14:12.976,0
2025-02-22 21:14:12.977,0
2025-02-22 21:14:12.978,0
2025-02-22 21:14:12.980,0
2025-02-22 21:14:12.982,0
2025-02-22 21:14:12.984,0
2025-02-22 21:14:12.986,0
2025-02-22 21:14:12.988,0
2025-02-22 21:14:12.990,0
2025-02-22 21:14:12.991,0
2025-02-22 21:14:12.993,0
2025-02-22 21:14:12.995,0
2025-02-22 21:14:12.996,0
2025-02-22 21:14:12.998,0
2025-02-22 21:14:12.999,0
2025-02-22 21:14:13.001,0
2025-02-22 21:14:13.002,0
2025-02-22 21:14:13.004,0
2025-02-22 21:14:13.005,0
2025-02-22 21:14:13.006,0
2025-02-22 21:14:13.007,0
2025-02-22 21:14:13.009,0
2025-02-22 21:14:13.010,0
2025-02-22 21:14:13.011,0
2025-02-22 21:14:13.013,0
2025-02-22 21:14:13.015,0
2025-02-22 21:14:13.017,0
2025-02-22 21:14:13.021,0
2025-02-22 21:14:13.023,0
2025-02-22 21:14:13.024,0
2025-02-22 21:14:13.026,0
2025-02-22 21:14:13.027,0
2025-02-22 21:14:13.029,0
2025-02-22 21:14:13.031,0
2025-02-22 21:14:13.033,0
2025-02-22 21:14:13.035,0
2025-02-22 21:14:13.037,0
2025-02-22 21:14:13.038,0
2025-02-22 21:14:13.040,0
2025-02-22 21:14:13.042,0
2025-02-22 21:14:13.043,0
2025-02-22 21:14:13.045,0
2025-02-22 21:14:13.047,0
2025-02-22 21:14:13.048,0
2025-02-22 21:14:13.050,0
2025-02-22 21:14:13.052,0
2025-02-22 21:14:13.053,0
2025-02-22 21:14:13.055,0
2025-02-22 21:14:13.056,0
2025-02-22 21:14:13.058,0
2025-02-22 21:14:13.059,0
2025-02-22 21:14:13.061,0
2025-02-22 21:14:13.064,0
2025-02-22 21:14:13.065,0
2025-02-22 21:14:13.068,0
2025-02-22 21:14:13.070,0
2025-02-22 21:14:13.072,0
2025-02-22 21:14:13.072,0
2025-02-22 21:14:13.075,0
2025-02-22 21:14:13.077,0
2025-02-22 21:14:13.078,0
2025-02-22 21:14:13.079,0
2025-02-22 21:14:13.081,0
2025-02-22 21:14:13.082,0
2025-02-22 21:14:13.084,0
2025-02-22 21:14:13.085,0
2025-02-22 21:14:13.087,0
2025-02-22 21:14:13.088,0
2025-02-22 21:14:13.089,0
2025-02-22 21:14:13.091,0
2025-02-22 21:14:13.092,0
2025-02-22 21:14:13.094,0
2025-02-22 21:14:13.095,0
2025-02-22 21:14:13.096,0
2025-02-22 21:14:13.098,0
2025-02-22 21:14:13.100,0
2025-02-22 21:14:13.101,0
2025-02-22 21:14:13.103,0
2025-02-22 21:14:13.157,0
2025-02-22 21:14:13.159,0
2025-02-22 21:14:13.161,0
2025-02-22 21:14:13.162,0
2025-02-22 21:14:13.165,0
2025-02-22 21:14:13.167,0
2025-02-22 21:14:13.168,0
2025-02-22 21:14:13.171,0
2025-02-22 21:14:13.173,0
2025-02-22 21:14:13.174,0
2025-02-22 21:14:13.175,0
2025-02-22 21:14:13.178,0
2025-02-22 21:14:13.180,0
2025-02-22 21:14:13.181,0
2025-02-22 21:14:13.184,0
2025-02-22 21:14:13.186,0
2025-02-22 21:14:13.187,0
2025-02-22 21:14:13.189,0
2025-02-22 21:14:13.191,0
2025-02-22 21:14:13.193,0
2025-02-22 21:14:13.194,0
2025-02-22 21:14:13.194,0
2025-02-22 21:14:13.196,0
2025-02-22 21:14:13.198,0
2025-02-22 21:14:13.200,0
2025-02-22 21:14:13.202,0
2025-02-22 21:14:13.204,0
2025-02-22 21:14:13.205,0
2025-02-22 21:14:13.207,0
2025-02-22 21:14:13.209,0
2025-02-22 21:14:13.210,0
2025-02-22 21:14:13.211,0
2025-02-22 21:14:13.213,0
2025-02-22 21:14:13.214,0
2025-02-22 21:14:13.216,0
2025-02-22 21:14:13.218,0
2025-02-22 21:14:13.219,0
2025-02-22 21:14:13.222,0
2025-02-22 21:14:13.223,0
2025-02-22 21:14:13.225,0
2025-02-22 21:14:13.227,0
2025-02-22 21:14:13.229,0
2025-02-22 21:14:13.230,0
2025-02-22 21:14:13.233,0
2025-02-22 21:14:13.233,0
2025-02-22 21:14:13.236,0
2025-02-22 21:14:13.239,0
2025-02-22 21:14:13.241,0
2025-02-22 21:14:13.243,0
2025-02-22 21:14:13.244,0
2025-02-22 21:14:13.245,0
2025-02-22 21:14:13.247,0
2025-02-22 21:14:13.249,0
2025-02-22 21:14:13.251,0
2025-02-22 21:14:13.252,0
2025-02-22 21:14:13.255,0
2025-02-22 21:14:13.256,0
2025-02-22 21:14:13.258,0
2025-02-22 21:14:13.259,0
2025-02-22 21:14:13.261,0
2025-02-22 21:14:13.262,0
2025-02-22 21:14:13.264,0
2025-02-22 21:14:13.265,0
2025-02-22 21:14:13.266,0
2025-02-22 21:14:13.268,0
2025-02-22 21:14:13.270,0
2025-02-22 21:14:13.272,0
2025-02-22 21:14:13.273,0
2025-02-22 21:14:13.274,0
2025-02-22 21:14:13.275,0
2025-02-22 21:14:13.277,0
2025-02-22 21:14:13.278,0
2025-02-22 21:14:13.279,0
2025-02-22 21:14:13.281,0
2025-02-22 21:14:13.282,0
2025-02-22 21:14:13.285,0
2025-02-22 21:14:13.287,0
2025-02-22 21:14:13.288,0
2025-02-22 21:14:13.290,0
2025-02-22 21:14:13.291,0
2025-02-22 21:14:13.293,0
2025-02-22 21:14:13.294,0
2025-02-22 21:14:13.295,0
2025-02-22 21:14:13.297,0
2025-02-22 21:14:13.299,0
2025-02-22 21:14:13.301,0
2025-02-22 21:14:13.302,0
2025-02-22 21:14:13.304,0
2025-02-22 21:14:13.305,0
2025-02-22 21:14:13.307,0
2025-02-22 21:14:13.308,0
2025-02-22 21:14:13.309,0
2025-02-22 21:14:13.310,0
2025-02-22 21:14:13.312,0
2025-02-22 21:14:13.314,0
2025-02-22 21:14:13.315,0
2025-02-22 21:14:13.318,0
2025-02-22 21:14:13.319,0
2025-02-22 21:14:13.376,0
2025-02-22 21:14:13.377,0
2025-02-22 21:14:13.380,0
2025-02-22 21:14:13.382,0
2025-02-22 21:14:13.383,0
2025-02-22 21:14:13.385,0
2025-02-22 21:14:13.386,0
2025-02-22 21:14:13.388,0
2025-02-22 21:14:13.389,0
2025-02-22 21:14:13.392,0
2025-02-22 21:14:13.392,0
2025-02-22 21:14:13.395,0
2025-02-22 21:14:13.396,0
2025-02-22 21:14:13.398,0
2025-02-22 21:14:13.399,0
2025-02-22 21:14:13.401,0
2025-02-22 21:14:13.403,0
2025-02-22 21:14:13.405,0
2025-02-22 21:14:13.406,0
2025-02-22 21:14:13.408,0
2025-02-22 21:14:13.409,0
2025-02-22 21:14:13.411,0
2025-02-22 21:14:13.412,0
2025-02-22 21:14:13.415,0
2025-02-22 21:14:13.417,0
2025-02-22 21:14:13.418,0
2025-02-22 21:14:13.420,0
2025-02-22 21:14:13.421,0
2025-02-22 21:14:13.423,0
2025-02-22 21:14:13.424,0
2025-02-22 21:14:13.425,0
2025-02-22 21:14:13.428,0
2025-02-22 21:14:13.429,0
2025-02-22 21:14:13.432,0
2025-02-22 21:14:13.434,0
2025-02-22 21:14:13.436,0
2025-02-22 21:14:13.438,0
2025-02-22 21:14:13.440,0
2025-02-22 21:14:13.441,0
2025-02-22 21:14:13.442,0
2025-02-22 21:14:13.444,0
2025-02-22 21:14:13.446,0
2025-02-22 21:14:13.447,0
2025-02-22 21:14:13.448,0
2025-02-22 21:14:13.450,0
2025-02-22 21:14:13.452,0
2025-02-22 21:14:13.454,0
2025-02-22 21:14:13.456,0
2025-02-22 21:14:13.457,0
2025-02-22 21:14:13.459,0
2025-02-22 21:14:13.460,0
2025-02-22 21:14:13.462,0
2025-02-22 21:14:13.463,0
2025-02-22 21:14:13.465,0
2025-02-22 21:14:13.467,0
2025-02-22 21:14:13.468,0
2025-02-22 21:14:13.470,0
2025-02-22 21:14:13.472,0
2025-02-22 21:14:13.472,0
2025-02-22 21:14:13.475,0
2025-02-22 21:14:13.477,0
2025-02-22 21:14:13.478,0
2025-02-22 21:14:13.480,0
2025-02-22 21:14:13.482,0
2025-02-22 21:14:13.483,0
2025-02-22 21:14:13.485,0
2025-02-22 21:14:13.486,0
2025-02-22 21:14:13.487,0
2025-02-22 21:14:13.488,0
2025-02-22 21:14:13.491,0
2025-02-22 21:14:13.494,0
2025-02-22 21:14:13.496,0
2025-02-22 21:14:13.497,0
2025-02-22 21:14:13.500,0
2025-02-22 21:14:13.502,0
2025-02-22 21:14:13.503,0
2025-02-22 21:14:13.504,0
2025-02-22 21:14:13.507,0
2025-02-22 21:14:13.508,0
2025-02-22 21:14:13.509,0
2025-02-22 21:14:13.510,0
2025-02-22 21:14:13.512,0
2025-02-22 21:14:13.513,0
2025-02-22 21:14:13.516,0
2025-02-22 21:14:13.517,0
2025-02-22 21:14:13.519,0
2025-02-22 21:14:13.521,0
2025-02-22 21:14:13.522,0
2025-02-22 21:14:13.523,0
2025-02-22 21:14:13.526,0
2025-02-22 21:14:13.526,0
2025-02-22 21:14:13.528,0
2025-02-22 21:14:13.530,0
2025-02-22 21:14:13.531,0
2025-02-22 21:14:13.534,0
2025-02-22 21:14:13.534,0
2025-02-22 21:14:13.536,0
2025-02-22 21:14:13.538,0
2025-02-22 21:14:13.540,0
2025-02-22 21:14:13.541,0
2025-02-22 21:14:13.543,0
2025-02-22 21:14:13.544,0
2025-02-22 21:14:13.547,0
2025-02-22 21:14:13.548,0
2025-02-22 21:14:13.549,0
2025-02-22 21:14:13.682,0
2025-02-22 21:14:13.683,0
2025-02-22 21:14:13.686,0
2025-02-22 21:14:13.687,0
2025-02-22 21:14:13.689,0
2025-02-22 21:14:13.690,0
2025-02-22 21:14:13.691,0
2025-02-22 21:14:13.692,0
2025-02-22 21:14:13.694,0
2025-02-22 21:14:13.695,0
2025-02-22 21:14:13.697,0
2025-02-22 21:14:13.698,0
2025-02-22 21:14:13.700,0
2025-02-22 21:14:13.701,0
2025-02-22 21:14:13.704,0
2025-02-22 21:14:13.705,0
2025-02-22 21:14:13.706,0
2025-02-22 21:14:13.707,0
2025-02-22 21:14:13.709,0
2025-02-22 21:14:13.710,0
2025-02-22 21:14:13.712,0
2025-02-22 21:14:13.713,0
2025-02-22 21:14:13.716,0
2025-02-22 21:14:13.717,0
2025-02-22 21:14:13.719,0
2025-02-22 21:14:13.720,0
2025-02-22 21:14:13.721,0
2025-02-22 21:14:13.723,0
2025-02-22 21:14:13.723,0
2025-02-22 21:14:13.724,0
2025-02-22 21:14:13.725,0
2025-02-22 21:14:13.727,0
2025-02-22 21:14:13.728,0
2025-02-22 21:14:13.729,0
2025-02-22 21:14:13.731,0
2025-02-22 21:14:13.732,0
2025-02-22 21:14:13.733,0
2025-02-22 21:14:13.735,0
2025-02-22 21:14:13.736,0
2025-02-22 21:14:13.737,0
2025-02-22 21:14:13.739,0
2025-02-22 21:14:13.740,0
2025-02-22 21:14:13.741,0
2025-02-22 21:14:13.742,0
2025-02-22 21:14:13.744,0
2025-02-22 21:14:13.745,0
2025-02-22 21:14:13.746,0
2025-02-22 21:14:13.748,0
2025-02-22 21:14:13.749,0
2025-02-22 21:14:13.750,0
2025-02-22 21:14:13.751,0
2025-02-22 21:14:13.753,0
2025-02-22 21:14:13.753,0
2025-02-22 21:14:13.755,0
2025-02-22 21:14:13.755,0
2025-02-22 21:14:13.757,0
2025-02-22 21:14:13.758,0
2025-02-22 21:14:13.759,0
2025-02-22 21:14:13.760,0
2025-02-22 21:14:13.761,0
2025-02-22 21:14:13.762,0
2025-02-22 21:14:13.764,0
2025-02-22 21:14:13.766,0
2025-02-22 21:14:13.767,0
2025-02-22 21:14:13.768,0
2025-02-22 21:14:13.769,0
2025-02-22 21:14:13.770,0
2025-02-22 21:14:13.771,0
2025-02-22 21:14:13.772,0
2025-02-22 21:14:13.776,0
2025-02-22 21:14:13.777,0
2025-02-22 21:14:13.778,0
2025-02-22 21:14:13.780,0
2025-02-22 21:14:13.781,0
2025-02-22 21:14:13.783,0
2025-02-22 21:14:13.783,0
2025-02-22 21:14:13.784,0
2025-02-22 21:14:13.786,0
2025-02-22 21:14:13.787,0
2025-02-22 21:14:13.788,0
2025-02-22 21:14:13.789,0
2025-02-22 21:14:13.790,0
2025-02-22 21:14:13.791,0
2025-02-22 21:14:13.793,0
2025-02-22 21:14:13.794,0
2025-02-22 21:14:13.796,0
2025-02-22 21:14:13.797,0
2025-02-22 21:14:13.798,0
2025-02-22 21:14:13.799,0
2025-02-22 21:14:13.800,0
2025-02-22 21:14:13.801,0
2025-02-22 21:14:13.802,0
2025-02-22 21:14:13.803,0
2025-02-22 21:14:13.803,0
2025-02-22 21:14:13.805,0
2025-02-22 21:14:13.806,0
2025-02-22 21:14:13.807,0
2025-02-22 21:14:13.808,0
2025-02-22 21:14:13.809,0
2025-02-22 21:14:13.810,0
2025-02-22 21:14:13.811,0
2025-02-22 21:14:13.812,0
2025-02-22 21:14:13.813,0
2025-02-22 21:14:13.813,0
2025-02-22 21:14:13.814,0
2025-02-22 21:14:13.815,0
2025-02-22 21:14:13.815,0
2025-02-22 21:14:13.816,0
2025-02-22 21:14:13.817,0
2025-02-22 21:14:13.817,0
2025-02-22 21:14:13.818,0
2025-02-22 21:14:13.819,0
2025-02-22 21:14:13.819,0
2025-02-22 21:14:13.820,0
2025-02-22 21:14:13.820,0
2025-02-22 21:14:13.821,0
2025-02-22 21:14:13.821,0
2025-02-22 21:14:13.822,0
2025-02-22 21:14:13.822,0
2025-02-22 21:14:13.823,0
2025-02-22 21:14:13.823,0
2025-02-22 21:14:13.824,0
2025-02-22 21:14:13.825,0
2025-02-22 21:14:13.825,0
2025-02-22 21:14:13.825,0
2025-02-22 21:14:13.826,0
2025-02-22 21:14:13.826,0
2025-02-22 21:14:13.827,0
2025-02-22 21:14:13.827,0
2025-02-22 21:14:13.828,0
2025-02-22 21:14:13.828,0
2025-02-22 21:14:13.829,0
2025-02-22 21:14:13.830,0
2025-02-22 21:14:13.831,0
2025-02-22 21:14:13.831,0
2025-02-22 21:14:13.832,0
2025-02-22 21:14:13.832,0
2025-02-22 21:14:13.833,0
2025-02-22 21:14:13.833,0
2025-02-22 21:14:13.834,0
2025-02-22 21:14:13.835,0
2025-02-22 21:14:13.835,0
2025-02-22 21:14:13.836,0
2025-02-22 21:14:13.991,0
2025-02-22 21:14:13.993,0
2025-02-22 21:14:13.994,0
2025-02-22 21:14:13.995,0
2025-02-22 21:14:13.997,0
2025-02-22 21:14:13.999,0
2025-02-22 21:14:14.002,0
2025-02-22 21:14:14.005,0
2025-02-22 21:14:14.006,0
2025-02-22 21:14:14.008,0
2025-02-22 21:14:14.009,0
2025-02-22 21:14:14.010,0
2025-02-22 21:14:14.012,0
2025-02-22 21:14:14.012,0
2025-02-22 21:14:14.014,0
2025-02-22 21:14:14.016,0
2025-02-22 21:14:14.017,0
2025-02-22 21:14:14.018,0
2025-02-22 21:14:14.018,0
2025-02-22 21:14:14.020,0
2025-02-22 21:14:14.021,0
2025-02-22 21:14:14.021,0
2025-02-22 21:14:14.022,0
2025-02-22 21:14:14.023,0
2025-02-22 21:14:14.024,0
2025-02-22 21:14:14.025,0
2025-02-22 21:14:14.026,0
2025-02-22 21:14:14.027,0
2025-02-22 21:14:14.028,0
2025-02-22 21:14:14.029,0
2025-02-22 21:14:14.030,0
2025-02-22 21:14:14.031,0
2025-02-22 21:14:14.032,0
2025-02-22 21:14:14.033,0
2025-02-22 21:14:14.034,0
2025-02-22 21:14:14.035,0
2025-02-22 21:14:14.036,0
2025-02-22 21:14:14.037,0
2025-02-22 21:14:14.038,0
2025-02-22 21:14:14.039,0
2025-02-22 21:14:14.195,0
2025-02-22 21:14:14.197,0
2025-02-22 21:14:14.199,0
2025-02-22 21:14:14.201,0
2025-02-22 21:14:14.202,0
2025-02-22 21:14:14.203,0
2025-02-22 21:14:14.205,0
2025-02-22 21:14:14.207,0
2025-02-22 21:14:14.209,0
2025-02-22 21:14:14.211,0
2025-02-22 21:14:14.212,0
2025-02-22 21:14:14.213,0
2025-02-22 21:14:14.216,0
2025-02-22 21:14:14.218,0
2025-02-22 21:14:14.219,0
2025-02-22 21:14:14.222,0
2025-02-22 21:14:14.224,0
2025-02-22 21:14:14.226,0
2025-02-22 21:14:14.228,0
2025-02-22 21:14:14.229,0
2025-02-22 21:14:14.230,0
2025-02-22 21:14:14.232,0
2025-02-22 21:14:14.233,0
2025-02-22 21:14:14.235,0
2025-02-22 21:14:14.236,0
2025-02-22 21:14:14.238,0
2025-02-22 21:14:14.239,0
2025-02-22 21:14:14.241,0
2025-02-22 21:14:14.242,0
2025-02-22 21:14:14.244,0
2025-02-22 21:14:14.245,0
2025-02-22 21:14:14.247,0
2025-02-22 21:14:14.250,0
2025-02-22 21:14:14.251,0
2025-02-22 21:14:14.253,0
2025-02-22 21:14:14.254,0
2025-02-22 21:14:14.256,0
2025-02-22 21:14:14.257,0
2025-02-22 21:14:14.258,0
2025-02-22 21:14:14.260,0
2025-02-22 21:14:14.262,0
2025-02-22 21:14:14.263,0
2025-02-22 21:14:14.266,0
2025-02-22 21:14:14.267,0
2025-02-22 21:14:14.268,0
2025-02-22 21:14:14.270,0
2025-02-22 21:14:14.272,0
2025-02-22 21:14:14.273,0
2025-02-22 21:14:14.275,0
2025-02-22 21:14:14.276,0
2025-02-22 21:14:14.278,0
2025-02-22 21:14:14.279,0
2025-02-22 21:14:14.281,0
2025-02-22 21:14:14.283,0
2025-02-22 21:14:14.285,0
2025-02-22 21:14:14.286,0
2025-02-22 21:14:14.288,0
2025-02-22 21:14:14.289,0
2025-02-22 21:14:14.291,0
2025-02-22 21:14:14.292,0
2025-02-22 21:14:14.294,0
2025-02-22 21:14:14.296,0
2025-02-22 21:14:14.297,0
2025-02-22 21:14:14.299,0
2025-02-22 21:14:14.302,0
2025-02-22 21:14:14.303,0
2025-02-22 21:14:14.304,0
2025-02-22 21:14:14.305,0
2025-02-22 21:14:14.307,0
2025-02-22 21:14:14.308,0
2025-02-22 21:14:14.310,0
2025-02-22 21:14:14.311,0
2025-02-22 21:14:14.312,0
2025-02-22 21:14:14.315,0
2025-02-22 21:14:14.317,0
2025-02-22 21:14:14.318,0
2025-02-22 21:14:14.320,0
2025-02-22 21:14:14.321,0
2025-02-22 21:14:14.323,0
2025-02-22 21:14:14.324,0
2025-02-22 21:14:14.325,0
2025-02-22 21:14:14.326,0
2025-02-22 21:14:14.328,0
2025-02-22 21:14:14.329,0
2025-02-22 21:14:14.332,0
2025-02-22 21:14:14.333,0
2025-02-22 21:14:14.335,0
2025-02-22 21:14:14.336,0
2025-02-22 21:14:14.338,0
2025-02-22 21:14:14.339,0
2025-02-22 21:14:14.340,0
2025-02-22 21:14:14.342,0
2025-02-22 21:14:14.344,0
2025-02-22 21:14:14.345,0
2025-02-22 21:14:14.347,0
2025-02-22 21:14:14.348,0
2025-02-22 21:14:14.351,0
2025-02-22 21:14:14.353,0
2025-02-22 21:14:14.355,0
2025-02-22 21:14:14.356,0
2025-02-22 21:14:14.357,0
2025-02-22 21:14:14.359,0
2025-02-22 21:14:14.361,0
2025-02-22 21:14:14.361,0
2025-02-22 21:14:14.364,0
2025-02-22 21:14:14.366,0
2025-02-22 21:14:14.367,0
2025-02-22 21:14:14.369,0
2025-02-22 21:14:14.371,0
2025-02-22 21:14:14.373,0
2025-02-22 21:14:14.389,0
2025-02-22 21:14:14.391,1585
2025-02-22 21:14:14.393,1921
2025-02-22 21:14:14.394,2067
2025-02-22 21:14:14.396,2099
2025-02-22 21:14:14.397,2131
2025-02-22 21:14:14.398,2126
2025-02-22 21:14:14.401,2165
2025-02-22 21:14:14.402,2121
2025-02-22 21:14:14.404,2146
2025-02-22 21:14:14.406,2176
2025-02-22 21:14:14.407,2130
2025-02-22 21:14:14.409,2103
2025-02-22 21:14:14.410,2042
2025-02-22 21:14:14.411,2126
2025-02-22 21:14:14.413,2085
2025-02-22 21:14:14.415,2101
2025-02-22 21:14:14.417,2065
2025-02-22 21:14:14.419,2059
2025-02-22 21:14:14.421,1993
2025-02-22 21:14:14.422,2034
2025-02-22 21:14:14.424,2015
2025-02-22 21:14:14.426,1941
2025-02-22 21:14:14.427,1973
2025-02-22 21:14:14.429,2063
2025-02-22 21:14:14.430,2095
2025-02-22 21:14:14.431,2109
2025-02-22 21:14:14.433,2155
2025-02-22 21:14:14.434,2204
2025-02-22 21:14:14.434,2224
2025-02-22 21:14:14.436,2227
2025-02-22 21:14:14.438,2209
2025-02-22 21:14:14.440,2195
2025-02-22 21:14:14.442,2205
2025-02-22 21:14:14.442,2197
2025-02-22 21:14:14.444,2224
2025-02-22 21:14:14.445,2274
2025-02-22 21:14:14.447,2293
2025-02-22 21:14:14.448,2326
2025-02-22 21:14:14.450,2335
2025-02-22 21:14:14.451,2326
2025-02-22 21:14:14.452,2320
2025-02-22 21:14:14.454,2305
2025-02-22 21:14:14.455,2320
2025-02-22 21:14:14.457,2323
2025-02-22 21:14:14.459,2377
2025-02-22 21:14:14.460,2382
2025-02-22 21:14:14.461,2387
2025-02-22 21:14:14.462,2406
2025-02-22 21:14:14.464,2402
2025-02-22 21:14:14.465,2385
2025-02-22 21:14:14.468,2362
2025-02-22 21:14:14.469,2363
2025-02-22 21:14:14.470,2395
2025-02-22 21:14:14.471,2417
2025-02-22 21:14:14.473,2446
2025-02-22 21:14:14.474,2474
2025-02-22 21:14:14.476,2491
2025-02-22 21:14:14.477,2525
2025-02-22 21:14:14.478,2541
2025-02-22 21:14:14.480,2559
2025-02-22 21:14:14.482,2559
2025-02-22 21:14:14.483,2554
2025-02-22 21:14:14.484,2693
2025-02-22 21:14:14.485,2711
2025-02-22 21:14:14.486,2741
2025-02-22 21:14:14.487,2767
2025-02-22 21:14:14.489,2785
2025-02-22 21:14:14.491,2803
2025-02-22 21:14:14.492,2827
2025-02-22 21:14:14.492,2799
2025-02-22 21:14:14.494,2736
2025-02-22 21:14:14.496,2557
2025-02-22 21:14:14.497,2443
2025-02-22 21:14:14.498,2431
2025-02-22 21:14:14.500,2439
2025-02-22 21:14:14.501,2431
2025-02-22 21:14:14.502,2423
2025-02-22 21:14:14.503,2433
2025-02-22 21:14:14.504,2418
2025-02-22 21:14:14.505,2384
2025-02-22 21:14:14.506,2349
2025-02-22 21:14:14.507,2317
2025-02-22 21:14:14.508,2306
2025-02-22 21:14:14.510,2320
2025-02-22 21:14:14.510,2338
2025-02-22 21:14:14.512,2362
2025-02-22 21:14:14.514,2403
2025-02-22 21:14:14.515,2395
2025-02-22 21:14:14.517,2412
2025-02-22 21:14:14.518,2411
2025-02-22 21:14:14.519,2412
2025-02-22 21:14:14.521,2416
2025-02-22 21:14:14.522,2427
2025-02-22 21:14:14.523,2446
2025-02-22 21:14:14.524,2451
2025-02-22 21:14:14.525,2466
2025-02-22 21:14:14.526,2514
2025-02-22 21:14:14.527,2512
2025-02-22 21:14:14.528,2514
2025-02-22 21:14:14.530,2480
2025-02-22 21:14:14.532,2435
2025-02-22 21:14:14.532,2397
2025-02-22 21:14:14.533,2377
2025-02-22 21:14:14.535,2321
2025-02-22 21:14:14.536,2189
2025-02-22 21:14:14.537,1566
2025-02-22 21:14:14.538,951
2025-02-22 21:14:14.540,469
2025-02-22 21:14:14.541,126
2025-02-22 21:14:14.542,0
2025-02-22 21:14:16.448,0
2025-02-22 21:14:16.449,0
2025-02-22 21:14:16.452,0
2025-02-22 21:14:16.453,0
2025-02-22 21:14:16.454,0
2025-02-22 21:14:16.454,0
2025-02-22 21:14:16.456,0
2025-02-22 21:14:16.457,0
2025-02-22 21:14:16.458,0
2025-02-22 21:14:16.458,0
2025-02-22 21:14:16.460,0
2025-02-22 21:14:16.461,0
2025-02-22 21:14:16.461,0
2025-02-22 21:14:16.463,0
2025-02-22 21:14:16.464,0
2025-02-22 21:14:16.465,0
2025-02-22 21:14:16.466,0
2025-02-22 21:14:16.467,0
2025-02-22 21:14:16.468,0
2025-02-22 21:14:16.469,0
2025-02-22 21:14:16.469,0
2025-02-22 21:14:16.470,0
2025-02-22 21:14:16.470,0
2025-02-22 21:14:16.472,0
2025-02-22 21:14:16.472,0
2025-02-22 21:14:16.473,0
2025-02-22 21:14:16.474,0
2025-02-22 21:14:16.474,0
2025-02-22 21:14:16.475,0
2025-02-22 21:14:16.476,0
2025-02-22 21:14:16.477,0
2025-02-22 21:14:16.477,0
2025-02-22 21:14:16.478,0
2025-02-22 21:14:16.478,0
2025-02-22 21:14:16.479,0
2025-02-22 21:14:16.657,0
2025-02-22 21:14:16.658,0
2025-02-22 21:14:16.659,16
2025-02-22 21:14:16.660,0
2025-02-22 21:14:16.662,0
2025-02-22 21:14:16.663,0
2025-02-22 21:14:16.665,0
2025-02-22 21:14:16.667,0
2025-02-22 21:14:16.667,0
2025-02-22 21:14:16.668,0
2025-02-22 21:14:16.669,0
2025-02-22 21:14:16.671,0
2025-02-22 21:14:16.671,13
2025-02-22 21:14:16.672,0
2025-02-22 21:14:16.672,0
2025-02-22 21:14:16.674,0
2025-02-22 21:14:16.675,0
2025-02-22 21:14:16.675,0
2025-02-22 21:14:16.676,0
2025-02-22 21:14:16.676,0
2025-02-22 21:14:16.676,0
2025-02-22 21:14:16.677,0
2025-02-22 21:14:16.678,4
2025-02-22 21:14:16.680,0
2025-02-22 21:14:16.681,0
2025-02-22 21:14:16.683,0
2025-02-22 21:14:16.683,0
2025-02-22 21:14:16.684,0
2025-02-22 21:14:16.685,0
2025-02-22 21:14:16.685,0
2025-02-22 21:14:16.686,0
2025-02-22 21:14:16.687,0
2025-02-22 21:14:16.687,0
2025-02-22 21:14:16.688,0
2025-02-22 21:14:16.689,0
2025-02-22 21:14:16.689,0
2025-02-22 21:14:16.690,0
2025-02-22 21:14:16.690,0
2025-02-22 21:14:16.691,0
2025-02-22 21:14:16.691,0
2025-02-22 21:14:16.692,0
2025-02-22 21:14:16.692,0
2025-02-22 21:14:16.693,0
2025-02-22 21:14:16.694,0
2025-02-22 21:14:16.695,0
2025-02-22 21:14:16.695,0
2025-02-22 21:14:16.696,0
2025-02-22 21:14:16.697,0
2025-02-22 21:14:16.698,0
2025-02-22 21:14:16.700,0
2025-02-22 21:14:16.701,0
2025-02-22 21:14:16.702,0
2025-02-22 21:14:16.702,0
2025-02-22 21:14:16.703,0
2025-02-22 21:14:16.705,0
2025-02-22 21:14:16.706,0
2025-02-22 21:14:16.707,0
2025-02-22 21:14:16.707,0
2025-02-22 21:14:16.708,0
2025-02-22 21:14:16.708,0
2025-02-22 21:14:16.709,0
2025-02-22 21:14:16.709,0
2025-02-22 21:14:16.710,0
2025-02-22 21:14:16.711,0
2025-02-22 21:14:16.712,0
2025-02-22 21:14:16.713,0
2025-02-22 21:14:16.714,0
2025-02-22 21:14:16.714,0
2025-02-22 21:14:16.715,0
2025-02-22 21:14:16.717,0
2025-02-22 21:14:16.717,0
2025-02-22 21:14:16.718,0
2025-02-22 21:14:16.719,0
2025-02-22 21:14:16.720,0
2025-02-22 21:14:16.721,0
2025-02-22 21:14:16.722,0
2025-02-22 21:14:16.723,0
2025-02-22 21:14:16.724,0
2025-02-22 21:14:16.724,0
2025-02-22 21:14:16.724,0
2025-02-22 21:14:16.725,0
2025-02-22 21:14:16.726,0
2025-02-22 21:14:16.726,0
2025-02-22 21:14:16.727,0
2025-02-22 21:14:16.727,0
2025-02-22 21:14:16.729,0
2025-02-22 21:14:16.730,0
2025-02-22 21:14:16.731,0
2025-02-22 21:14:16.732,0
2025-02-22 21:14:16.735,0
2025-02-22 21:14:16.736,0
2025-02-22 21:14:16.737,0
2025-02-22 21:14:16.737,0
2025-02-22 21:14:16.738,0
2025-02-22 21:14:16.739,0
2025-02-22 21:14:16.739,0
2025-02-22 21:14:16.740,0
2025-02-22 21:14:16.741,0
2025-02-22 21:14:16.742,0
2025-02-22 21:14:16.857,0
2025-02-22 21:14:16.858,0
2025-02-22 21:14:16.861,0
2025-02-22 21:14:16.863,0
2025-02-22 21:14:16.865,0
2025-02-22 21:14:16.867,0
2025-02-22 21:14:16.868,0
2025-02-22 21:14:16.871,0
2025-02-22 21:14:16.874,0
2025-02-22 21:14:16.876,2
2025-02-22 21:14:16.877,0
2025-02-22 21:14:16.881,0
2025-02-22 21:14:16.882,0
2025-02-22 21:14:16.884,0
2025-02-22 21:14:16.886,0
2025-02-22 21:14:16.888,0
2025-02-22 21:14:16.890,0
2025-02-22 21:14:16.892,0
2025-02-22 21:14:16.894,0
2025-02-22 21:14:16.896,0
2025-02-22 21:14:16.898,0
2025-02-22 21:14:16.899,0
2025-02-22 21:14:16.904,0
2025-02-22 21:14:16.905,0
2025-02-22 21:14:16.908,0
2025-02-22 21:14:16.909,0
2025-02-22 21:14:16.911,0
2025-02-22 21:14:16.913,0
2025-02-22 21:14:16.916,0
2025-02-22 21:14:16.917,0
2025-02-22 21:14:16.919,0
2025-02-22 21:14:16.920,0
2025-02-22 21:14:16.923,0
2025-02-22 21:14:16.923,0
2025-02-22 21:14:16.926,0
2025-02-22 21:14:16.928,0
2025-02-22 21:14:16.931,0
2025-02-22 21:14:16.934,0
2025-02-22 21:14:16.935,0
2025-02-22 21:14:16.937,0
2025-02-22 21:14:16.939,0
2025-02-22 21:14:16.941,0
2025-02-22 21:14:16.942,0
2025-02-22 21:14:16.943,0
2025-02-22 21:14:16.945,0
2025-02-22 21:14:16.947,0
2025-02-22 21:14:16.949,0
2025-02-22 21:14:16.950,0
2025-02-22 21:14:16.951,0
2025-02-22 21:14:16.955,0
2025-02-22 21:14:16.956,0
2025-02-22 21:14:16.958,0
2025-02-22 21:14:16.959,0
2025-02-22 21:14:16.962,0
2025-02-22 21:14:16.965,0
2025-02-22 21:14:16.967,0
2025-02-22 21:14:16.968,0
2025-02-22 21:14:16.969,0
2025-02-22 21:14:16.971,0
2025-02-22 21:14:16.972,0
2025-02-22 21:14:16.975,0
2025-02-22 21:14:16.977,0
2025-02-22 21:14:16.979,0
2025-02-22 21:14:16.981,0
2025-02-22 21:14:16.983,0
2025-02-22 21:14:16.987,0
2025-02-22 21:14:16.989,0
2025-02-22 21:14:16.993,0
2025-02-22 21:14:16.995,0
2025-02-22 21:14:16.999,0
2025-02-22 21:14:17.000,0
2025-02-22 21:14:17.001,0
2025-02-22 21:14:17.003,0
2025-02-22 21:14:17.005,0
2025-02-22 21:14:17.007,0
2025-02-22 21:14:17.008,0
2025-02-22 21:14:17.010,0
2025-02-22 21:14:17.012,0
2025-02-22 21:14:17.014,0
2025-02-22 21:14:17.016,0
2025-02-22 21:14:17.018,0
2025-02-22 21:14:17.020,0
2025-02-22 21:14:17.021,0
2025-02-22 21:14:17.023,0
2025-02-22 21:14:17.024,0
2025-02-22 21:14:17.025,0
2025-02-22 21:14:17.026,0
2025-02-22 21:14:17.029,0
2025-02-22 21:14:17.029,0
2025-02-22 21:14:17.032,0
2025-02-22 21:14:17.034,0
2025-02-22 21:14:17.037,0
2025-02-22 21:14:17.037,0
2025-02-22 21:14:17.039,0
2025-02-22 21:14:17.041,0
2025-02-22 21:14:17.043,0
2025-02-22 21:14:17.044,0
2025-02-22 21:14:17.045,0
2025-02-22 21:14:17.047,2
2025-02-22 21:14:17.049,0
2025-02-22 21:14:17.063,0
2025-02-22 21:14:17.064,0
2025-02-22 21:14:17.066,0
2025-02-22 21:14:17.068,0
2025-02-22 21:14:17.070,0
2025-02-22 21:14:17.071,0
2025-02-22 21:14:17.073,0
2025-02-22 21:14:17.074,0
2025-02-22 21:14:17.074,0
2025-02-22 21:14:17.076,0
2025-02-22 21:14:17.077,0
2025-02-22 21:14:17.078,0
2025-02-22 21:14:17.079,0
2025-02-22 21:14:17.081,0
2025-02-22 21:14:17.082,0
2025-02-22 21:14:17.083,0
2025-02-22 21:14:17.084,0
2025-02-22 21:14:17.085,0
2025-02-22 21:14:17.086,0
2025-02-22 21:14:17.088,0
2025-02-22 21:14:17.089,0
2025-02-22 21:14:17.089,0
2025-02-22 21:14:17.091,0
2025-02-22 21:14:17.092,0
2025-02-22 21:14:17.094,0
2025-02-22 21:14:17.096,0
2025-02-22 21:14:17.097,6
2025-02-22 21:14:17.098,0
2025-02-22 21:14:17.099,0
2025-02-22 21:14:17.101,0
2025-02-22 21:14:17.102,0
